7a4167386e186c0d62a6e9861b49ff67,run,10,0,2024-11-11 00:00:00
170b8e1ab7c5307d1b235b40d229c9a4,run,18,0,2024-11-11 00:00:00
5d9445e4f52031c7b3a359126b8c6395,run,8,0,2024-11-11 00:00:00
6905e651f7a47c187f098889b14a97a3,submit,9,6,2024-11-11 00:00:00
20fa4a3963880046c823f234d399787c,submit,12,10,2024-11-11 00:00:00
94a70de91a81c78c8337b95f1d69752a,submit,7,2,2024-11-11 00:00:00
9655597b8a02ab081102f728e1483089,submit,54,39,2024-11-11 00:00:00
723fdb5d736d00e3a2997662f1fced45,run,75,0,2024-11-11 00:00:00
ab6392a42fe04c02f9d5575ffea7ada8,run,117,0,2024-11-11 00:00:00
c0b89d94359a7cd025c944f80f440cb2,run,2,0,2024-11-11 00:00:00
918031661b82ab3c8112247cdf6e0f3f,run,11,0,2024-11-11 00:00:00
aa533807b81a76a0a9d17cbc3750cfbf,submit,21,7,2024-11-11 00:00:00
fcc3eda9d02270772933f6e77030feb9,run,27,0,2024-11-11 00:00:00
32276845f0d30da8b2ed00d0eeb3efd4,submit,108,65,2024-11-11 00:00:00
4e39dd2aa20478b7cc7ca3ef6935cbdd,submit,1,0,2024-11-11 00:00:00
b298d78806c09365184161c2ec2e6ce4,run,3,0,2024-11-11 00:00:00
2010153320eac4e3cc65c0c61c79dcee,submit,28,11,2024-11-11 00:00:00
4ff607bc3d4ae9316d452b94f8b7f99e,submit,6,5,2024-11-11 00:00:00
71fe3ef9724e1de2c2a06395584afba0,run,11,0,2024-11-11 00:00:00
a2c90aa3bb97441aa23bd95cd83d4f3f,submit,46,6,2024-11-11 00:00:00
b8e71fe992a8256535f93368a8499842,submit,63,41,2024-11-11 00:00:00
3f2656bf4ea84cac586ae236e2a52321,run,1,0,2024-11-11 00:00:00
20a3fa2de68a6fc105a549b419a7f900,submit,29,14,2024-11-11 00:00:00
597e4ed0f11e7acb0ed113f28684e5b5,submit,22,12,2024-11-11 00:00:00
11ffabeb2ce74ad36e7a05d53da14aa3,submit,5,4,2024-11-11 00:00:00
8a55233dd67d50644a0fd1c7fc23c19b,run,65,0,2024-11-11 00:00:00
47e12b6dd5f5ebdd1ffb97fae063b748,submit,9,6,2024-11-11 00:00:00
6a39eaa9510b4e95c4766f7bb80cd22a,submit,224,24,2024-11-11 00:00:00
2942839d18e9355a2a9439a8d9073d95,submit,6,2,2024-11-11 00:00:00
1d09e35a17dcb5658715b47b01906bf1,submit,65,32,2024-11-11 00:00:00
4e39dd2aa20478b7cc7ca3ef6935cbdd,run,6,0,2024-11-11 00:00:00
65251e8db2dc72bb9f1240665373fa2d,submit,32,24,2024-11-11 00:00:00
3e6cb3ecf0d91df12297c7d92cd3433f,submit,55,19,2024-11-11 00:00:00
c2eee08cec01f1c1c87acd349328d172,run,5,0,2024-11-11 00:00:00
55250bf8cdab257126f453196d9d63e1,run,1,0,2024-11-11 00:00:00
4d28b2901a98bacee82e045ef6c78245,submit,13,1,2024-11-11 00:00:00
d4252b573cfbce16290312c95cf7313c,submit,77,53,2024-11-11 00:00:00
d5a4a24cb4578a426bc5035837c7e400,run,2,0,2024-11-11 00:00:00
d5a4a24cb4578a426bc5035837c7e400,submit,3,1,2024-11-11 00:00:00
c6ee04b7cc9c17b7d40bc148f7344433,submit,1,1,2024-11-11 00:00:00
09a458474180c894c3e3f934dbedeb82,run,92,0,2024-11-11 00:00:00
090c21b82019299c056cd2c74ee14af3,submit,20,10,2024-11-11 00:00:00
359ff50bb7fa8c5b4131d56418828e96,submit,71,33,2024-11-11 00:00:00
50f0f9d97007e3401d39a1c1e6552e9c,run,12,0,2024-11-11 00:00:00
2970ce009b4c5308b99930962aae453a,submit,18,9,2024-11-11 00:00:00
fbaa85598499745c9804bc21c9b4300e,submit,100,10,2024-11-11 00:00:00
69f5468589028bb0336d973518e12666,submit,48,19,2024-11-11 00:00:00
5583f310a96284dddd334f180d20ac39,submit,78,8,2024-11-11 00:00:00
ad335ac7f4173a3604b86c5ef80d528f,submit,142,53,2024-11-11 00:00:00
4404ca08a42771b928d44b5b484d8751,submit,16,5,2024-11-11 00:00:00
bd582449d5ee2a446a83102dadb9323a,submit,9,9,2024-11-11 00:00:00
ff626149377c2ba37bc2388e0432b53b,submit,37,6,2024-11-11 00:00:00
3f2656bf4ea84cac586ae236e2a52321,submit,1,0,2024-11-11 00:00:00
db3a4da9ac4fa6340907cf96aab3925b,run,4,0,2024-11-11 00:00:00
323c59f6aa547f6bebac9d01cec51981,run,44,0,2024-11-11 00:00:00
1b92ba92a826e7a5c2a569423b7d2f43,submit,24,13,2024-11-11 00:00:00
541404aaa6a8e15e22d21deebca90db2,run,1,0,2024-11-11 00:00:00
9b144a1a7b43992772ddd288db1d6dbc,submit,5,2,2024-11-11 00:00:00
efede9da52139f982505fb207078603b,submit,364,34,2024-11-11 00:00:00
ae1179a880242493a90e2d0c81003f37,submit,24,8,2024-11-11 00:00:00
90f52ed3ab333d191c228c8db33bd5a8,run,125,0,2024-11-11 00:00:00
7bc0cbf3be61b5e1476e7e69003fc37c,run,1,0,2024-11-11 00:00:00
2fc5de42a4801eb51302576e5c1d20a1,submit,13,6,2024-11-11 00:00:00
8930ed2793d4d2741c6f2b7539220119,submit,2,0,2024-11-11 00:00:00
cf4639adc16c5f817954a5cfc077ddb3,submit,11,4,2024-11-11 00:00:00
b2e7cffa49a836a6a346cd8234743b16,run,14,0,2024-11-11 00:00:00
47365a81826d72be2c03dd9954817ad1,run,2,0,2024-11-11 00:00:00
0978d6e1e63a8a36c9476045ee545b75,submit,33,9,2024-11-11 00:00:00
b55741d3f286d0cd0141f3b72c356b57,run,3,0,2024-11-11 00:00:00
657ec26f8441c8f2ca0367375ad153f6,run,26,0,2024-11-11 00:00:00
1b41a7f6ffa9379455aa04809781096a,submit,2,1,2024-11-11 00:00:00
11279014d2ea9305589c475335600994,run,2,0,2024-11-11 00:00:00
e4fefa65614a09f71b00ffbb3c8c1606,submit,7,3,2024-11-11 00:00:00
ecbaa51db6e4eb82e267c925cdedcb3d,run,3,0,2024-11-11 00:00:00
65251e8db2dc72bb9f1240665373fa2d,run,4,0,2024-11-11 00:00:00
03b98f0a2664cdaa00b55de8372d2f8c,run,14,0,2024-11-11 00:00:00
5de1839c14e7da53ca68feb822fdbb3c,submit,23,11,2024-11-11 00:00:00
a54987f727ca680f92716d7f35484f67,run,3,0,2024-11-11 00:00:00
1b2f958a13f9fe470627402914f3c4d5,run,7,0,2024-11-11 00:00:00
8930ed2793d4d2741c6f2b7539220119,run,68,0,2024-11-11 00:00:00
dca7fbbe6e7ceb1533bc7f47dea57e93,submit,1,1,2024-11-11 00:00:00
a014aa5353f07deac14720ba85411cab,submit,2,1,2024-11-11 00:00:00
b5ab6eb21511bd4b6622327f02ea1a1e,submit,145,28,2024-11-11 00:00:00
050154dbf7d531ea9c1415f79e3d7e96,run,105,0,2024-11-11 00:00:00
8902043fd5b810276ab0adf0e0c74e24,submit,35,13,2024-11-11 00:00:00
7ef9e6c54d8ed54990911abea3c109e8,run,4,0,2024-11-11 00:00:00
b17efed0fa9490562f95a31565bf2037,submit,10,3,2024-11-11 00:00:00
94a1f47a4de921136fceb2f346ecde44,submit,6,2,2024-11-11 00:00:00
fe41f528edc0d65b3e1860e78fa0a9a1,submit,4,0,2024-11-11 00:00:00
f58f87fea83f660ce2cdab0ad42c6890,submit,10,4,2024-11-11 00:00:00
e40e10e35f4376c0feed0333aabfdc1f,submit,101,10,2024-11-11 00:00:00
fe721741154de90504afc20d74492962,submit,25,16,2024-11-11 00:00:00
b10dcf78afa8542fc4ff2efb3eb3219a,run,13,0,2024-11-11 00:00:00
ee66f47e73de69c8785e62202355e134,submit,41,12,2024-11-11 00:00:00
b9e9b65318438c157728cad8dcc507b4,submit,11,4,2024-11-11 00:00:00
2caaba7661576df1f3098be6a7ec94ca,submit,15,8,2024-11-11 00:00:00
57dfc1f6fa4f09e2d534f32983f2641f,submit,6,2,2024-11-11 00:00:00
c8567169045a0d3d7d9c88bfc9d8f8c2,run,36,0,2024-11-11 00:00:00
e55062fbebcbbe36fa10a2d836e83ab5,run,10,0,2024-11-11 00:00:00
c92339b001b15f66a9ffb1c501c00c8d,submit,4,1,2024-11-11 00:00:00
b1d3a5f4a9800264ab2cf5bdac949383,submit,39,28,2024-11-11 00:00:00
7ea9244cff5d706c6759b126b32fb8cd,run,19,0,2024-11-11 00:00:00
20c145af1bc35a720a1595d7ddb4d943,run,3,0,2024-11-11 00:00:00
d6c71fef41867a1cc0d0a38c42f32b22,run,4,0,2024-11-11 00:00:00
1f1f764a8479e93c07ecc5068f055ee2,submit,4,4,2024-11-11 00:00:00
7a6f1e0a2293f8a5b8c80eca3f0dd772,run,209,0,2024-11-11 00:00:00
e4fefa65614a09f71b00ffbb3c8c1606,run,16,0,2024-11-11 00:00:00
fbd863344d4542c64afb76486c25ad2f,run,103,0,2024-11-11 00:00:00
da16149afd27618a3369827bbfa1ed99,run,2,0,2024-11-11 00:00:00
bc6efe0a7bdd27ae46e9e6e452d462e3,run,1,0,2024-11-11 00:00:00
1e035129c518c936487c9b61479557b2,run,4,0,2024-11-11 00:00:00
273caba5145a68d247aa0446935c15f5,submit,16,7,2024-11-11 00:00:00
81bcbe618e8ba2ed864b462606702f30,run,1,0,2024-11-11 00:00:00
99384b624c4bba33228d8cf7ea46cd49,run,5,0,2024-11-11 00:00:00
3636fac9bac9201c1cacec3238f90c8f,submit,30,12,2024-11-11 00:00:00
c1eae2a75e68ea120328d7823e7c1340,submit,13,5,2024-11-11 00:00:00
cbc1993b76ce50ddff4c85f15719de3f,submit,37,4,2024-11-11 00:00:00
f682d284ab91f0a386aa7515cdb1db57,submit,30,9,2024-11-11 00:00:00
709bf84bb84d6a046acc84e7d02b9888,run,58,0,2024-11-11 00:00:00
49108281e7921b8a853f0c2a8ea80729,submit,75,18,2024-11-11 00:00:00
6c31c3dca0e6830f215ca6686d2e2d61,submit,240,135,2024-11-11 00:00:00
9b0241ff6df514e891f9452cc2ba673e,submit,6,6,2024-11-11 00:00:00
7f031e940c3f94e33283366de1391d05,submit,3,3,2024-11-11 00:00:00
3dd6208538227408ae87854be212fea1,run,9,0,2024-11-11 00:00:00
c65ff8d0b275d1e5e02a957c2e38adb2,submit,10,4,2024-11-11 00:00:00
2a237ebc15ad6b57f5ea79fcc20bc870,run,34,0,2024-11-11 00:00:00
bd871ab121941a2c3341b6845fc47f89,submit,20,17,2024-11-11 00:00:00
b068c8263a726b0cb7dd5a1f3dc3d71b,submit,3,1,2024-11-11 00:00:00
06ed68d1392a00f3155ff84ff6b915b2,run,5,0,2024-11-11 00:00:00
292e9cefc76c6a66588a2fcbd0fc4b34,submit,6,6,2024-11-11 00:00:00
500928854c403b82c0e4f5bd5262aa76,run,40,0,2024-11-11 00:00:00
46088fb5c0c555007c5f9ac8f9d38782,run,5,0,2024-11-11 00:00:00
4404ca08a42771b928d44b5b484d8751,run,62,0,2024-11-11 00:00:00
499c5126e1e700db4f66b5c5e652069b,submit,6,0,2024-11-11 00:00:00
77ef8debb59455e4895a72c07f0abe91,run,1,0,2024-11-11 00:00:00
37514074ded50f52d75390c83d5927a9,run,331,0,2024-11-11 00:00:00
7433539575d3d8e5d9c7dd1b6f182a61,submit,36,30,2024-11-11 00:00:00
8eb297ccdceee5c76f139a442cfbb15e,run,68,0,2024-11-11 00:00:00
57da436dfa7b1ef7c4d6d29ad67a705f,run,40,0,2024-11-11 00:00:00
e2b74928788cfc7ab88c4b47492ad919,run,8,0,2024-11-11 00:00:00
8344cfc7588395f2e4bb72f071a60715,run,212,0,2024-11-11 00:00:00
e0623382b408f5ed13a2d2336cba141d,run,4,0,2024-11-11 00:00:00
4f9f3ddcf762226c1f442d0ea1d090ec,submit,15,6,2024-11-11 00:00:00
f258aebdf3f96d6a330923ef70189809,submit,21,3,2024-11-11 00:00:00
6155ff2de84432adf218d2dd90bee673,run,3,0,2024-11-11 00:00:00
e4716ce6b1d019706731598fbcccd3dc,run,30,0,2024-11-11 00:00:00
5221506bcaf928bc8f0d5d4b3c7d2ca5,submit,54,25,2024-11-11 00:00:00
ae480fe9b67db32fda2b182385c07270,submit,10,0,2024-11-11 00:00:00
f2b4aa999392dfb8550b5c562a01838b,submit,171,104,2024-11-11 00:00:00
a267828257de73f083cba5ee92d81980,submit,31,14,2024-11-11 00:00:00
a71a4d6be60eac650740261904fc3ace,run,2,0,2024-11-11 00:00:00
c6c98858a284a1dba9b2149015f59f19,submit,2,0,2024-11-11 00:00:00
f2fd3d107da64ac1bd2184370506f46b,run,6,0,2024-11-11 00:00:00
68b48bdc103e8158986c91329a041a26,run,3,0,2024-11-11 00:00:00
182225812490eb6c1c68e5e1b27a1869,run,391,0,2024-11-11 00:00:00
4f5c6ec35f49c7bb4047b5bf37e2dd42,run,1,0,2024-11-11 00:00:00
38bbe2c812a86d796acf481249942a55,submit,11,1,2024-11-11 00:00:00
ee815ddfa4aae59c14a68e9810b2147a,run,2,0,2024-11-11 00:00:00
b70e9cf8cb9f8487dfb7e30674117db0,run,10,0,2024-11-11 00:00:00
d39bfbc73e2b42d80c3a2749b9e03fc5,submit,4,1,2024-11-11 00:00:00
5984285857d9250035aacac0a4fa4871,submit,12,10,2024-11-11 00:00:00
05efab170fe9d8f10ad696d4cc8ae1b8,submit,125,2,2024-11-11 00:00:00
1d3ac4b61e7960eb943c02de2f68505e,run,35,0,2024-11-11 00:00:00
0ea3d01f8b7da743bb8864ba70a83941,run,136,0,2024-11-11 00:00:00
4f9f3ddcf762226c1f442d0ea1d090ec,run,10,0,2024-11-11 00:00:00
c54b122ce4ff12674b08bd4493a943f7,run,2,0,2024-11-11 00:00:00
b4611d5041abeb8af77f8016ccca5127,submit,25,11,2024-11-11 00:00:00
935eff674ac42fef50080540366452d0,run,279,0,2024-11-11 00:00:00
ca158f6530b15987255ddf0f371591c1,submit,11,1,2024-11-11 00:00:00
7878bed93cbb2f8b20d32f287bafa18e,run,40,0,2024-11-11 00:00:00
10fa68996270bde057d18a6b1d53338f,submit,12,9,2024-11-11 00:00:00
a95e3870721d442dc461ab79465a4852,submit,3,3,2024-11-11 00:00:00
a421a5c19c14afe38ea65db8bded7bd3,run,72,0,2024-11-11 00:00:00
a756e740358b0a2321d1963ad5348d16,run,34,0,2024-11-11 00:00:00
81820434a019c124694a9a48a56141b3,run,5,0,2024-11-11 00:00:00
671820e986e58a68b20b2a3b54ad967e,submit,64,12,2024-11-11 00:00:00
08b395927d234efe5bcf122aa4fe31ee,submit,14,7,2024-11-11 00:00:00
fc8d281242c77d6abf39a35f0bc5abc2,submit,87,16,2024-11-11 00:00:00
46088fb5c0c555007c5f9ac8f9d38782,submit,15,2,2024-11-11 00:00:00
038f5c3f55ac230b2233b9bceee7a875,run,22,0,2024-11-11 00:00:00
33582778701af7be0cada2e184ed0090,run,9,0,2024-11-11 00:00:00
fef5eb56dc49b1b86a32d8554ef32f1d,run,96,0,2024-11-11 00:00:00
62328e242cf93e055ea8b6a32a305e2d,run,1,0,2024-11-11 00:00:00
35c938f6c03fa01dded2581db34dd224,submit,39,3,2024-11-11 00:00:00
3893b2604182ef85937afa0d75375da3,submit,61,11,2024-11-11 00:00:00
78eed183ffb16d5cfbd433e63194680a,submit,24,21,2024-11-11 00:00:00
9c30904259bc8a4542179e697936e446,run,3,0,2024-11-11 00:00:00
bff2ac1622c305fb1dce928f3bddc714,run,6,0,2024-11-11 00:00:00
70d59dc21c68fb6cb28e91178f844c65,submit,8,2,2024-11-11 00:00:00
8298414d7f7a902809e4139e6d607ae4,submit,8,7,2024-11-11 00:00:00
a2c90aa3bb97441aa23bd95cd83d4f3f,run,87,0,2024-11-11 00:00:00
617fc31716b02bb03fce95c94e6a4f32,submit,36,4,2024-11-11 00:00:00
a45e031f3705ffb9963112eeb9525c47,run,169,0,2024-11-11 00:00:00
927c844047fe3fe6663a59a336692c8c,run,42,0,2024-11-11 00:00:00
c174887fbd9e3b4082875bb1ef75d629,run,3,0,2024-11-11 00:00:00
a877f59d3cfd9a74d7ae27b70861173c,submit,9,3,2024-11-11 00:00:00
76946a711715ead57187d507d51ded54,submit,7,1,2024-11-11 00:00:00
05b9f5076f7da2fd89038e0170cce051,run,57,0,2024-11-11 00:00:00
0736556d6943e9a70490b75364eb2368,run,12,0,2024-11-11 00:00:00
6b5e50b9f235c605637b0d7b20ed646f,run,2,0,2024-11-11 00:00:00
fbf16e332cae3608e5881ba80f53344d,submit,87,10,2024-11-11 00:00:00
8def87824e168ac0bb17c9f7f20ce97a,run,1,0,2024-11-11 00:00:00
8eb297ccdceee5c76f139a442cfbb15e,submit,190,101,2024-11-11 00:00:00
409f5d1697f001697e4b4930cc4b6274,submit,51,14,2024-11-11 00:00:00
5583f310a96284dddd334f180d20ac39,run,16,0,2024-11-11 00:00:00
4c33b684a32c99815c9a4a65966c3959,run,91,0,2024-11-11 00:00:00
90c9e9746f6ce9c5bcc0ed67bd68904b,submit,56,26,2024-11-11 00:00:00
7ffc8522dbc0b1426a49a82b53a0b8a1,submit,12,2,2024-11-11 00:00:00
d5bfd794aec19a52bcccd10be57065e7,submit,18,0,2024-11-11 00:00:00
d4343da7ba91771972c43f5442f5d734,submit,42,7,2024-11-11 00:00:00
55ce8c12ab7dde0d42f5e6e5b768b048,run,1,0,2024-11-11 00:00:00
ef2906a633c48afb8ba7127bb22eaffd,submit,6,3,2024-11-11 00:00:00
4a23d3f5bf9a1579d5febcf736317f90,submit,3,2,2024-11-11 00:00:00
88df3b14bb393ce8d904745b32b6b44f,submit,752,111,2024-11-11 00:00:00
b29beaa95a6967ae4df80dca44a8b2dd,submit,26,5,2024-11-11 00:00:00
0eef163189521d91655825cf6185beb4,submit,58,10,2024-11-11 00:00:00
caa9e797e15155f42f55bed5d4f41e39,submit,39,21,2024-11-11 00:00:00
ca0543561a9de4465e00ab52736c48f2,run,2,0,2024-11-11 00:00:00
cdb0e6ba524eea764feafedaca9910e5,submit,2,2,2024-11-11 00:00:00
3e4ae41ad4a1a0ceb28c2ed13ecf8a89,submit,13,8,2024-11-11 00:00:00
029399959422bf02990febe902fbdbab,submit,42,24,2024-11-11 00:00:00
31030319920d13ad2f4d7916f411ecc1,submit,18,4,2024-11-11 00:00:00
b77c0043865dc9b88b3ee033c7462721,run,10,0,2024-11-11 00:00:00
8a983c95f1e297f2d9283892d4ee798a,run,1,0,2024-11-11 00:00:00
4569019e95d6ea9be946b93f449ceef1,run,1,0,2024-11-11 00:00:00
85670ff9b675b0849caf7ea8213ebe3b,run,15,0,2024-11-11 00:00:00
1e5a3c43bc86d150fb5797ec1d0be274,submit,22,5,2024-11-11 00:00:00
8827eacedc8320c20ebb537123e01941,submit,14,3,2024-11-11 00:00:00
cac042743dc0da1779634cd923f96fc4,submit,36,20,2024-11-11 00:00:00
a5c8dc74c0055139439ea5ce09b414ef,submit,21,12,2024-11-11 00:00:00
0736556d6943e9a70490b75364eb2368,submit,3,0,2024-11-11 00:00:00
abecd55a14f346e72f056a56447130a8,run,5,0,2024-11-11 00:00:00
23b20a32adca8c39604b3d8af3772f40,run,1,0,2024-11-11 00:00:00
cd5032e93593301d7f2d25d2d8f5ac32,run,142,0,2024-11-11 00:00:00
bf88f2502136f0d2c747bfa301613305,submit,15,9,2024-11-11 00:00:00
2a237ebc15ad6b57f5ea79fcc20bc870,submit,106,40,2024-11-11 00:00:00
23b20a32adca8c39604b3d8af3772f40,submit,2,2,2024-11-11 00:00:00
f67df6cbf5617fb2c453b659c471717b,run,4,0,2024-11-11 00:00:00
c3c663c46295362409b6749101c1cfc6,submit,73,6,2024-11-11 00:00:00
f5e3eb9341176cdc324e85edafa9f72b,run,32,0,2024-11-11 00:00:00
09a458474180c894c3e3f934dbedeb82,submit,56,36,2024-11-11 00:00:00
024ac1665f3bba2708b3770adfd14f3d,submit,15,4,2024-11-11 00:00:00
62328e242cf93e055ea8b6a32a305e2d,submit,7,2,2024-11-11 00:00:00
cf1a85b36b44912483992bcd42d60c35,submit,4,3,2024-11-11 00:00:00
88b33097703911893b175e20501bad3c,submit,2,1,2024-11-11 00:00:00
2c227e24878aff27b0443ce83b200c5e,run,34,0,2024-11-11 00:00:00
959ae90a0904fdc6af17b648e98f1574,run,29,0,2024-11-11 00:00:00
611dbfce59a0d2fa117b90e95a8f1676,run,3,0,2024-11-11 00:00:00
a6abd34606bd4c31eb27a100176bc061,submit,18,10,2024-11-11 00:00:00
55366d93580a5e27f2050cdb3b2fe2e3,submit,18,0,2024-11-11 00:00:00
0b894b14fd25a0f6671af38b87c46665,submit,30,4,2024-11-11 00:00:00
8129d7e4d2a2006c2970237988c3b1eb,submit,70,22,2024-11-11 00:00:00
7a6f1e0a2293f8a5b8c80eca3f0dd772,submit,52,6,2024-11-11 00:00:00
e7c60509effaa396b27891d9b43a530e,submit,39,9,2024-11-11 00:00:00
4aac44d935563a4689827cd02904c186,run,1,0,2024-11-11 00:00:00
e4e94dd68a10b618acca658a602bb0db,run,1,0,2024-11-11 00:00:00
e514bd9081d39210c955c92b736fa346,run,44,0,2024-11-11 00:00:00
989a0db284ba06629c88183b6fc9f83f,run,7,0,2024-11-11 00:00:00
95671a2cd77d67f757f6fa3db8285cdc,run,2,0,2024-11-11 00:00:00
efd44ac2f19fa9993a74367865f8d3e5,submit,24,24,2024-11-11 00:00:00
c6f53f61ee974e5fa6bdde8be25ade87,run,12,0,2024-11-11 00:00:00
d55d7e4fce845107f0601a1a822ed784,submit,3,0,2024-11-11 00:00:00
7fdc1fc342f44cdb067cc4430e621c2f,submit,12,10,2024-11-11 00:00:00
509f5340338969f7c3e7010b3b0e5177,submit,29,10,2024-11-11 00:00:00
f39583595112cb1c4ca487cf158ee943,submit,3,3,2024-11-11 00:00:00
39aff77efb665367289e9537a59e5561,submit,97,25,2024-11-11 00:00:00
63e5a67353326953e9ee309276ed5868,submit,88,44,2024-11-11 00:00:00
3b2656b4c55d868b6003aa1b888d6be6,submit,21,15,2024-11-11 00:00:00
57956be01ea02281c866859178aea9dd,run,31,0,2024-11-11 00:00:00
c9ed819551e0c43508fa5ba2860d8127,run,13,0,2024-11-11 00:00:00
6b5e50b9f235c605637b0d7b20ed646f,submit,16,1,2024-11-11 00:00:00
f3a55d2661f02889bb473ccee46723e6,submit,16,2,2024-11-11 00:00:00
2e3af6209e96f62463cc9f68582f6ef4,submit,5,2,2024-11-11 00:00:00
79970a7ab406e05b7308a5844b91d974,run,1,0,2024-11-11 00:00:00
e03494e20254d5d35bb88a625214b70c,submit,1,1,2024-11-11 00:00:00
73429388747239acb507a05b97439d37,submit,102,15,2024-11-11 00:00:00
d96256d0fac23b25fc48532e41570f42,run,15,0,2024-11-11 00:00:00
9006f120087d2c643fc90e9d2d16e58e,submit,96,33,2024-11-11 00:00:00
dadebb873e86199893c5281dfa7ef3c8,run,1,0,2024-11-11 00:00:00
dd399023be5664124b395d7682174b94,submit,1,1,2024-11-11 00:00:00
8edca0fde1811eebd63171c244187de9,run,36,0,2024-11-11 00:00:00
afc3e7db39d0c6879d4c40dee66daf1d,run,2,0,2024-11-11 00:00:00
ca8bae8e54d41b623ecae815c6efbff9,submit,25,17,2024-11-11 00:00:00
cdd8d5fe14cdbcf1f942ba017f2e1641,submit,8,4,2024-11-11 00:00:00
f9e9230ea5f71ea6ff6731d459df31cb,run,29,0,2024-11-11 00:00:00
1286a2c663fe7b36025f6439853cadea,submit,11,0,2024-11-11 00:00:00
05c1e5a6992dae8146b0abe0e4d6c27a,run,107,0,2024-11-11 00:00:00
959ae90a0904fdc6af17b648e98f1574,submit,18,6,2024-11-11 00:00:00
a36f3d8ff0d0eca8bb7dcee707b730ac,submit,42,8,2024-11-11 00:00:00
e72da6298e1e15198440a260c10d942c,submit,6,1,2024-11-11 00:00:00
f6cebe158e9251bd13f4286e7bd42a86,run,13,0,2024-11-11 00:00:00
0505edf22894e71e43ee3b4dd13349d9,run,134,0,2024-11-11 00:00:00
c1eae2a75e68ea120328d7823e7c1340,run,59,0,2024-11-11 00:00:00
caa9e797e15155f42f55bed5d4f41e39,run,147,0,2024-11-11 00:00:00
cd51d36c15dc702c4240f7b4acb29f7a,run,1,0,2024-11-11 00:00:00
4754064b0ed09137182e6f9cad221a8c,run,3,0,2024-11-11 00:00:00
6ad96f0beb548606600b2971baea5bf2,submit,1,1,2024-11-11 00:00:00
afa8b2b48aaafaf7b825090365cc4436,run,10,0,2024-11-11 00:00:00
181e8f97ebcc7fe48b3b0dd638996ad9,run,1,0,2024-11-11 00:00:00
ffe2705a85ccf716f39481edf609d962,submit,1,1,2024-11-11 00:00:00
7744dce42cc76071b8591f671245a743,run,35,0,2024-11-11 00:00:00
28affacd34fc15c3e068a294fcbd0465,run,35,0,2024-11-11 00:00:00
8a9e0d1fb3e5a9e63387e1fc53de8983,submit,54,9,2024-11-11 00:00:00
78eed183ffb16d5cfbd433e63194680a,run,48,0,2024-11-11 00:00:00
3cca0e63439184d19e3a1e711c559918,submit,5,0,2024-11-11 00:00:00
4168d8db200962d4860f492b724a68f4,run,1,0,2024-11-11 00:00:00
edc87a5f4bcaaacbef74d1cc9e606576,submit,17,13,2024-11-11 00:00:00
9d8851462082b7a3da0ee1f5ddc2f157,run,136,0,2024-11-11 00:00:00
722e4ce34b8fc7aee9347999e6f21902,submit,3,2,2024-11-11 00:00:00
f9e9230ea5f71ea6ff6731d459df31cb,submit,4,0,2024-11-11 00:00:00
4f6e7be4e357277e9f2c595012026e94,submit,1,0,2024-11-11 00:00:00
16aa24d4c781249950d8fbdedd5fdd91,submit,15,15,2024-11-11 00:00:00
d0ef81c0117c4f5ebd21028e39e66767,submit,13,2,2024-11-11 00:00:00
fbd863344d4542c64afb76486c25ad2f,submit,46,17,2024-11-11 00:00:00
f39583595112cb1c4ca487cf158ee943,run,8,0,2024-11-11 00:00:00
2714acb0c2936bfb5a98e8f95cd009e7,submit,43,11,2024-11-11 00:00:00
adbcc68a2f055c11f6a3a4a2345909a2,submit,122,12,2024-11-11 00:00:00
4799c05face85a09a3c1ab95be407cd3,run,1,0,2024-11-11 00:00:00
43efad6c03fc49ba80a59f5e35545f3c,submit,33,18,2024-11-11 00:00:00
a384ee1a34b4bc8b5974a325e592619e,submit,29,3,2024-11-11 00:00:00
bfd6ff90e31fa68e877ad4d9a492cdd3,run,206,0,2024-11-11 00:00:00
49e971470f51e04690f2c3f4bf3024f5,run,11,0,2024-11-11 00:00:00
71904026826cb2fd4747b67b0a5f8afd,submit,37,22,2024-11-11 00:00:00
b17efed0fa9490562f95a31565bf2037,run,1,0,2024-11-11 00:00:00
fc8d281242c77d6abf39a35f0bc5abc2,run,106,0,2024-11-11 00:00:00
f926d3f3e64dc823d0dda50f28c777c1,submit,10,8,2024-11-11 00:00:00
cf484103dd8e586e994353c9aa94b8b4,submit,56,9,2024-11-11 00:00:00
1b2f958a13f9fe470627402914f3c4d5,submit,120,28,2024-11-11 00:00:00
b716a95e673c6cbd02bf34b2cb4a29e3,submit,2,0,2024-11-11 00:00:00
c08be0fbe52acdac6ff85bd09b774eb2,run,3,0,2024-11-11 00:00:00
4d28b2901a98bacee82e045ef6c78245,run,2,0,2024-11-11 00:00:00
9fafc2aa048b3fa412e46bb92404154a,submit,116,62,2024-11-11 00:00:00
cf51478ef4af94acfc9c791b591df2d2,submit,37,7,2024-11-11 00:00:00
7b57826b5224fa07ece9d39119f8048c,run,6,0,2024-11-11 00:00:00
581591d5f95f09963295297672e4a0f5,submit,42,21,2024-11-11 00:00:00
1286a2c663fe7b36025f6439853cadea,run,60,0,2024-11-11 00:00:00
40c849462512bd05e748318d397c368e,submit,14,7,2024-11-11 00:00:00
60e406bc774ac72d17a29311f5130b6f,submit,66,21,2024-11-11 00:00:00
37514074ded50f52d75390c83d5927a9,submit,70,45,2024-11-11 00:00:00
11279014d2ea9305589c475335600994,submit,2,1,2024-11-11 00:00:00
050154dbf7d531ea9c1415f79e3d7e96,submit,6,0,2024-11-11 00:00:00
c62c0a87776a6f3c9cd63ff5fb0fe134,run,3,0,2024-11-11 00:00:00
a076afe6dca5fc9dec32b7fd38a4aa09,submit,26,20,2024-11-11 00:00:00
2d2dc58525696443918dfb383b916164,run,13,0,2024-11-11 00:00:00
f583901f185136ca8505555050ce8184,submit,70,43,2024-11-11 00:00:00
df7d8ea1849ea4291a253a8f8a53c75a,submit,2,0,2024-11-11 00:00:00
9ecfcec1ce1ed4e93af1848422a11c51,submit,61,34,2024-11-11 00:00:00
cf1ed20edf598c11deb9b600eafa8660,submit,94,15,2024-11-11 00:00:00
95d9f35ddc8da605582708f28bbc1f37,run,1,0,2024-11-11 00:00:00
3e5370cfcf42d65882888bcb04355f99,submit,96,9,2024-11-11 00:00:00
03b98f0a2664cdaa00b55de8372d2f8c,submit,15,6,2024-11-11 00:00:00
66a24400a1f37b29385db4d801900776,run,90,0,2024-11-11 00:00:00
2eb0ed9717966fcaeea54ffb9df35370,run,2,0,2024-11-11 00:00:00
cdaebb572ca9499409c2209d6018dd16,submit,74,43,2024-11-11 00:00:00
cdb0e6ba524eea764feafedaca9910e5,run,95,0,2024-11-11 00:00:00
0a9643bd80de911e2a51e63013a93a8a,run,42,0,2024-11-11 00:00:00
51740d67c5f4d989530d0f7855292563,submit,55,34,2024-11-11 00:00:00
a72415e2006ae836eab689a065fac14d,run,2,0,2024-11-11 00:00:00
d94a040c268a3eb34ff2c1bee47d2cef,submit,6,2,2024-11-11 00:00:00
b874408118e382567f6e55c964269c55,submit,168,18,2024-11-11 00:00:00
9388d8a4bc907e0394bbf0235d069847,run,69,0,2024-11-11 00:00:00
cf636df3c326406c24e3dd592db5a209,submit,21,3,2024-11-11 00:00:00
6dd3dcae0be26064f6f23a540e0ca60f,run,37,0,2024-11-11 00:00:00
1631606abe4663f4c3b95ad9a03fdf23,run,348,0,2024-11-11 00:00:00
4c4d9c8cb8353d28e5162bbd1d2e15b6,submit,9,7,2024-11-11 00:00:00
638d2e183181cee4dd19b1ebaf522916,run,12,0,2024-11-11 00:00:00
16e68be89962f72235ca515c4f29e0ef,run,7,0,2024-11-11 00:00:00
f6cebe158e9251bd13f4286e7bd42a86,submit,50,6,2024-11-11 00:00:00
a93f12148d30739c309d8bdcc8eb3720,submit,2,0,2024-11-11 00:00:00
7433539575d3d8e5d9c7dd1b6f182a61,run,15,0,2024-11-11 00:00:00
f862fb9ce45ee6ed0c857895cf270272,submit,14,3,2024-11-11 00:00:00
a6abd34606bd4c31eb27a100176bc061,run,7,0,2024-11-11 00:00:00
6c16117d9b7649dcd804177eb1508d04,run,9,0,2024-11-11 00:00:00
32dd735f5389970caf70e55b61acb31f,submit,1,0,2024-11-11 00:00:00
a56c52abff8f4c4553163efb88f12979,submit,59,11,2024-11-11 00:00:00
d88d41c47e1bed22b664eae9ce9d9bd2,submit,62,9,2024-11-11 00:00:00
574e2d60a54a1d2ab9b270cb7f234e39,run,9,0,2024-11-11 00:00:00
4f65755a9c320990c0d25874550ae1e5,submit,27,23,2024-11-11 00:00:00
01ecd22bd0d1683e924e74545c97d228,submit,4,1,2024-11-11 00:00:00
e5167d7cb21021143ab42ed37359235f,run,30,0,2024-11-11 00:00:00
4a182e78403696e4d6863e184e0fc50c,run,1,0,2024-11-11 00:00:00
8f263a7c5ea36ad907821687d5ec25b2,submit,12,4,2024-11-11 00:00:00
5819b55690a1404d2c2985813b0d4bfe,submit,2,1,2024-11-11 00:00:00
8ce4f612772cf941326a6ecf95279554,run,1,0,2024-11-11 00:00:00
894914b8e7d7de87f381f52770b30204,run,13,0,2024-11-11 00:00:00
00b7ba7c89b45c0096451fa7b8e2db89,run,7,0,2024-11-11 00:00:00
4464672634d4db2d10f8ce9ae1ec5090,submit,4,1,2024-11-11 00:00:00
620b8542cce20253902b8efd8c7690d3,submit,37,19,2024-11-11 00:00:00
32dd735f5389970caf70e55b61acb31f,run,5,0,2024-11-11 00:00:00
0337b128dedb2ac689da936bdbfbf36e,submit,2,1,2024-11-11 00:00:00
bb3a1f84e01ccd07485718cff5a0bcbd,run,8,0,2024-11-11 00:00:00
5754453e0d950f84319f2e995e6be868,run,88,0,2024-11-11 00:00:00
129062901bf6f0ca089a03147bc5cda6,run,2,0,2024-11-11 00:00:00
8374046a164e5366a159e6883e84ffce,run,2,0,2024-11-11 00:00:00
67e550c41f0888e2165b74bb808503d8,run,15,0,2024-11-11 00:00:00
5d4365553eb62f63463f9b66b63ad729,submit,23,15,2024-11-11 00:00:00
d2628c9e53615fd7c2f47f5107f331d5,submit,19,19,2024-11-11 00:00:00
dd60321658e7214d4843087b6850ae35,submit,80,26,2024-11-11 00:00:00
e63c1591f266efa23107a8aaeebd4ed4,run,17,0,2024-11-11 00:00:00
affb110f38f9171c8e35f7b5da5e5417,submit,11,6,2024-11-11 00:00:00
7c3b5607012f0197d5574dce07e07d6a,submit,60,16,2024-11-11 00:00:00
67e550c41f0888e2165b74bb808503d8,submit,104,20,2024-11-11 00:00:00
323c59f6aa547f6bebac9d01cec51981,submit,19,4,2024-11-11 00:00:00
9e77b0485b9b4cbc020fb300e43f50cc,submit,7,6,2024-11-11 00:00:00
c6c06b69fef597ad2adf0b9a29efd248,run,13,0,2024-11-11 00:00:00
7e7ce27738dead7d426d959465066a3a,submit,79,49,2024-11-11 00:00:00
c5ed0571bf15a42cb4a4e742861d777a,run,15,0,2024-11-11 00:00:00
310c6bae1af33b7b6bb83a40f6184f11,run,104,0,2024-11-11 00:00:00
93edcd8987cd9091f2e48b674f368860,submit,12,8,2024-11-11 00:00:00
4fe60a5e87cf200d6ab85713f560d85b,run,70,0,2024-11-11 00:00:00
f9fde7bd5959504bf50fc3717dab8929,submit,64,27,2024-11-11 00:00:00
a95e3870721d442dc461ab79465a4852,run,16,0,2024-11-11 00:00:00
597304c2a9156f0f5f4aad03cc6ddb01,submit,123,12,2024-11-11 00:00:00
94a1f47a4de921136fceb2f346ecde44,run,1,0,2024-11-11 00:00:00
48c9db9c2c5b2a45e7b626f52e33e481,run,38,0,2024-11-11 00:00:00
4121cc2cf7c29ab24e680d05bf343b59,submit,12,2,2024-11-11 00:00:00
cf58828139fa06464cd011fe4750d838,submit,67,56,2024-11-11 00:00:00
d39bfbc73e2b42d80c3a2749b9e03fc5,run,3,0,2024-11-11 00:00:00
ff5f0cf640d56d8939816266f7c5c691,run,5,0,2024-11-11 00:00:00
6dd3dcae0be26064f6f23a540e0ca60f,submit,326,94,2024-11-11 00:00:00
876cd52efc7ac88c318b6539c6eaf931,submit,26,13,2024-11-11 00:00:00
10f3f63f760ec7e19dfc697b0f1ae91e,run,2,0,2024-11-11 00:00:00
db3a4da9ac4fa6340907cf96aab3925b,submit,4,3,2024-11-11 00:00:00
d17c2c2736d7442ead056ef5bcd83d23,submit,39,8,2024-11-11 00:00:00
220e348a613a19bcd1632dcb6bd6ec5c,run,129,0,2024-11-11 00:00:00
94a70de91a81c78c8337b95f1d69752a,run,54,0,2024-11-11 00:00:00
65c0e02497f68a67a8b0fd058347913f,submit,30,12,2024-11-11 00:00:00
04f5c5f1ddc064b7dc8147bb9e811e2e,run,33,0,2024-11-11 00:00:00
0b1523ee9d8cde3f2c7c6598cc740926,submit,6,5,2024-11-11 00:00:00
220e348a613a19bcd1632dcb6bd6ec5c,submit,53,16,2024-11-11 00:00:00
cd5032e93593301d7f2d25d2d8f5ac32,submit,31,6,2024-11-11 00:00:00
a7bde18a3fa28975c8d796f504765505,run,4,0,2024-11-11 00:00:00
f122820b74790bdad7f8b84158510f91,submit,1,1,2024-11-11 00:00:00
53249c144aa22b585b318ffa71312539,run,3,0,2024-11-11 00:00:00
267b5d40e0bfc9dc785fe632050800d1,submit,1,1,2024-11-11 00:00:00
1187bd8bdc120a53a7e753e1a84a4e0e,submit,34,27,2024-11-11 00:00:00
8ec375b36dc5223a93b56f824b5029ac,run,8,0,2024-11-11 00:00:00
f4338c559907aaf5762f263ab331ff01,run,10,0,2024-11-11 00:00:00
be8351e6ec070d83796a33739b511489,submit,8,6,2024-11-11 00:00:00
b68a09e34c766b4d64b95e9de88b332a,submit,4,4,2024-11-11 00:00:00
7f031e940c3f94e33283366de1391d05,run,3,0,2024-11-11 00:00:00
196c5b9a74f29e1e94081146be61672b,run,23,0,2024-11-11 00:00:00
1a74a8d2b7388afcdc8b617e2d8e570a,submit,36,3,2024-11-11 00:00:00
24ec93e4f33a66460aec618438880f88,run,3,0,2024-11-11 00:00:00
ccb7a0412618dc0ca19662ef99a4a98f,run,35,0,2024-11-11 00:00:00
289258df4c439b23ec0770700618ca13,run,10,0,2024-11-11 00:00:00
1deda376c84da7cfc292c6a60d1f0c13,submit,1,1,2024-11-11 00:00:00
cc2fa612e0ffa8fce137638805a4703e,run,34,0,2024-11-11 00:00:00
9badb349a37a686c3c2c7ff248a5dfab,submit,11,0,2024-11-11 00:00:00
29edc3f70eae302557ee8b15d8863d4c,submit,33,4,2024-11-11 00:00:00
fc741c6e7d40f1cdcc3c67ba36512f16,run,4,0,2024-11-11 00:00:00
506757ab51e40d3987f07a91b527cee8,run,7,0,2024-11-11 00:00:00
b26121d02bbc5db802a6dd7fd3e41b43,submit,7,4,2024-11-11 00:00:00
620b8542cce20253902b8efd8c7690d3,run,3,0,2024-11-11 00:00:00
c6c98858a284a1dba9b2149015f59f19,run,9,0,2024-11-11 00:00:00
db9a7375ce454abf957bf91f3307dd19,run,9,0,2024-11-11 00:00:00
00e48ff41dd66e63b468aae385eaf2b3,run,2,0,2024-11-11 00:00:00
b420e0f69057b4486ef03b167ad5d6eb,run,21,0,2024-11-11 00:00:00
c1322aa488e47530643de9c2d447d1c0,run,3,0,2024-11-11 00:00:00
df3557b6288b6711d421070f3c771086,run,5,0,2024-11-11 00:00:00
efd44ac2f19fa9993a74367865f8d3e5,run,60,0,2024-11-11 00:00:00
a72415e2006ae836eab689a065fac14d,submit,25,4,2024-11-11 00:00:00
9161504758fc0604565e7cb73764f87a,run,16,0,2024-11-11 00:00:00
7bdd8b8165f457802b25df45600c7f70,submit,12,1,2024-11-11 00:00:00
6121d414e70d9a81ecf8996d7750f151,submit,85,14,2024-11-11 00:00:00
d85e795400f75c07180478a0725cab93,submit,22,8,2024-11-11 00:00:00
186bc34afa76a085192934301d1c857c,submit,35,9,2024-11-11 00:00:00
ae1179a880242493a90e2d0c81003f37,run,6,0,2024-11-11 00:00:00
b8513641faa245484a48f6bbff098f6a,run,21,0,2024-11-11 00:00:00
89d3a62eff2c727a2a354a242b6d2dd7,run,1,0,2024-11-11 00:00:00
d631698d6239cf4051f1784c67b54f08,run,4,0,2024-11-11 00:00:00
b9d11644ef80c719af28c2e8e0625b57,submit,101,20,2024-11-11 00:00:00
9161504758fc0604565e7cb73764f87a,submit,5,2,2024-11-11 00:00:00
f4d367d1f1766788b9e7e529691104bb,submit,9,4,2024-11-11 00:00:00
f36b281d0a104880980e8bdf17511277,submit,21,3,2024-11-11 00:00:00
06e5e35a789833375fc0c831d255284a,run,1,0,2024-11-11 00:00:00
55d6fc93ae3303672d4bac65cd1bd749,submit,11,2,2024-11-11 00:00:00
3eaa528d0ba01a8e2e4edfda5d78dcdd,run,4,0,2024-11-11 00:00:00
432acd97554dc288a6703dcfb2423183,submit,40,14,2024-11-11 00:00:00
1d0dcb400c039f8b0087de381371f984,run,2,0,2024-11-11 00:00:00
709b0c834d3f2eb7ccd0f61cf51ac359,submit,120,35,2024-11-11 00:00:00
55571d0d30fd03efe6beebfb2e1cf5db,submit,75,19,2024-11-11 00:00:00
0f136bbd095800056a615536c071e2d5,submit,22,7,2024-11-11 00:00:00
d0ef81c0117c4f5ebd21028e39e66767,run,181,0,2024-11-11 00:00:00
1c81c4df893480f37fa063bba2474623,submit,74,35,2024-11-11 00:00:00
7557d445d938481aba79fb92ca8f3206,submit,81,22,2024-11-11 00:00:00
74885d489dd909e8437850d2cbb0d1ff,run,103,0,2024-11-11 00:00:00
402f7235ed47eeae997515cd199fdb8b,run,73,0,2024-11-11 00:00:00
e47846992954d80023a754b6953f3ab5,run,17,0,2024-11-11 00:00:00
b64f58409e8db8b8511998bd9af66480,run,11,0,2024-11-11 00:00:00
05efab170fe9d8f10ad696d4cc8ae1b8,run,1,0,2024-11-11 00:00:00
cf1a85b36b44912483992bcd42d60c35,run,365,0,2024-11-11 00:00:00
b1ab4a8f6d830556565a25ff19374a7a,submit,233,199,2024-11-11 00:00:00
95671a2cd77d67f757f6fa3db8285cdc,submit,2,1,2024-11-11 00:00:00
45395dd5e285fb09ed225ac5cbb8c887,submit,3,1,2024-11-11 00:00:00
29edc3f70eae302557ee8b15d8863d4c,run,14,0,2024-11-11 00:00:00
989a0db284ba06629c88183b6fc9f83f,submit,2,0,2024-11-11 00:00:00
709bf84bb84d6a046acc84e7d02b9888,submit,88,19,2024-11-11 00:00:00
55d6fc93ae3303672d4bac65cd1bd749,run,29,0,2024-11-11 00:00:00
704d9906247b643a3ea18d56442a6ca3,run,95,0,2024-11-11 00:00:00
196c5b9a74f29e1e94081146be61672b,submit,4,2,2024-11-11 00:00:00
034369b439b8e10f27a1835b0a3762f9,submit,16,5,2024-11-11 00:00:00
a00686bb3247ee745df4c159b85b6d0a,run,1,0,2024-11-11 00:00:00
db9a7375ce454abf957bf91f3307dd19,submit,5,4,2024-11-11 00:00:00
bca0741c8cb927b9f9de1c46a075f2a7,run,27,0,2024-11-11 00:00:00
c10d6585d20816e28ec14bf4f864a0a0,submit,2,2,2024-11-11 00:00:00
ce8c69a82400aa9de6c9ef0056c4f868,run,14,0,2024-11-11 00:00:00
0906fd59d3aa303f66b462fbe7d44681,submit,12,1,2024-11-11 00:00:00
f3a55d2661f02889bb473ccee46723e6,run,9,0,2024-11-11 00:00:00
67f82fc19dc840401574c7baf13e706c,submit,48,23,2024-11-11 00:00:00
42793b292bdaaa235667bc898d26e097,submit,5,2,2024-11-11 00:00:00
b4ce22784ea2d8858d7018bc8a80ff4d,run,90,0,2024-11-11 00:00:00
f67df6cbf5617fb2c453b659c471717b,submit,1,0,2024-11-11 00:00:00
323d81438b7834250092dacfe8a33483,submit,2,2,2024-11-11 00:00:00
c88185d4b9c46a5af383c1256ac0042a,submit,1,0,2024-11-11 00:00:00
91b4683ac91d9c309468168ab410e3c0,submit,1,0,2024-11-11 00:00:00
08b395927d234efe5bcf122aa4fe31ee,run,1,0,2024-11-11 00:00:00
31ffbbf6147908305beeb0335095a293,submit,45,25,2024-11-11 00:00:00
edc87a5f4bcaaacbef74d1cc9e606576,run,2,0,2024-11-11 00:00:00
833ec76d03b6fe46fef272b7585612ae,submit,13,7,2024-11-11 00:00:00
b3d482d62751c58562282110a4a144d5,submit,36,10,2024-11-11 00:00:00
7b57826b5224fa07ece9d39119f8048c,submit,42,0,2024-11-11 00:00:00
e47846992954d80023a754b6953f3ab5,submit,116,16,2024-11-11 00:00:00
aa512c2979aff43a8826163e2f33b057,submit,36,14,2024-11-11 00:00:00
3636fac9bac9201c1cacec3238f90c8f,run,49,0,2024-11-11 00:00:00
9949a47e2a830ac156b604ac29f2f1ac,run,3,0,2024-11-11 00:00:00
a7f6a158a282f94bc3853f7b71334101,submit,23,3,2024-11-11 00:00:00
aafb034418e1516361fa64296765464b,run,7,0,2024-11-11 00:00:00
9b28065160e08a21428b54120bc0e6aa,run,104,0,2024-11-11 00:00:00
076a48603fd0a252cf5b1eecc242bd30,run,1,0,2024-11-11 00:00:00
259a0eaace5ffeeba57797744fc3aa5b,submit,3,0,2024-11-11 00:00:00
e09420de914399f4164c5c9af47e4154,run,1,0,2024-11-11 00:00:00
3ad02a5a1c15fcbffe0272e45ca4e72c,submit,10,3,2024-11-11 00:00:00
5b2e9b52046c8d161b9daa468e557682,submit,1,0,2024-11-11 00:00:00
b1192cf3508cd1c08ea50db982d73a91,submit,8,5,2024-11-11 00:00:00
1631606abe4663f4c3b95ad9a03fdf23,submit,161,50,2024-11-11 00:00:00
7cbbf1138984179a9df53fec319978c1,run,163,0,2024-11-11 00:00:00
d81c1952b03e0804a1a0f2c2b8e06525,run,3,0,2024-11-11 00:00:00
2be981c8a3fe7bea1bdb35d941fab009,submit,12,0,2024-11-11 00:00:00
57177c477d5e1839d77f4668176b1052,run,9,0,2024-11-11 00:00:00
04f087593068e5ad548bb976b2e924e8,run,3,0,2024-11-11 00:00:00
bce4058876845ab947b4b38e48735716,submit,79,25,2024-11-11 00:00:00
5b55b2dae33f4152b39c4094c94e4500,run,6,0,2024-11-11 00:00:00
4e85b6d8dcf1816ed0595607f6cb9f6c,run,11,0,2024-11-11 00:00:00
09614cd17274c02186d1a73fce08f84c,run,14,0,2024-11-11 00:00:00
024ac1665f3bba2708b3770adfd14f3d,run,59,0,2024-11-11 00:00:00
47365a81826d72be2c03dd9954817ad1,submit,2,1,2024-11-11 00:00:00
df7d8ea1849ea4291a253a8f8a53c75a,run,5,0,2024-11-11 00:00:00
df9a46d5f630acd3f0426b2762b218cb,submit,7,7,2024-11-11 00:00:00
984441de1c92b7e6a3e00746e2295477,submit,4,2,2024-11-11 00:00:00
73429388747239acb507a05b97439d37,run,8,0,2024-11-11 00:00:00
7031f194c4b0c118a0b750d25a70ea35,submit,29,7,2024-11-11 00:00:00
bca0741c8cb927b9f9de1c46a075f2a7,submit,6,6,2024-11-11 00:00:00
347710a700296ff58dd4ec58b59ecc16,run,50,0,2024-11-11 00:00:00
85670ff9b675b0849caf7ea8213ebe3b,submit,19,7,2024-11-11 00:00:00
c5059d184806c1b6e8031367e1bc58a1,submit,3,0,2024-11-11 00:00:00
55ce8c12ab7dde0d42f5e6e5b768b048,submit,60,13,2024-11-11 00:00:00
f7f4db57616071c877db22c635f5a35e,run,21,0,2024-11-11 00:00:00
323d81438b7834250092dacfe8a33483,run,5,0,2024-11-11 00:00:00
05c1e5a6992dae8146b0abe0e4d6c27a,submit,172,32,2024-11-11 00:00:00
a54987f727ca680f92716d7f35484f67,submit,8,7,2024-11-11 00:00:00
f71f2a375c6f289ff2f75f9f517be0f8,submit,342,51,2024-11-11 00:00:00
ff1a9111eb99386ec2802b1ea96628ee,run,54,0,2024-11-11 00:00:00
de0cdb51f4e8eae4bfe155f7de4aa14f,run,3,0,2024-11-11 00:00:00
1e5a3c43bc86d150fb5797ec1d0be274,run,3,0,2024-11-11 00:00:00
b6666ec4f6878868965b2d606b508f78,submit,3,0,2024-11-11 00:00:00
aac254f35fe05e52a45e6f5d5ca79b41,run,4,0,2024-11-11 00:00:00
81820434a019c124694a9a48a56141b3,submit,45,3,2024-11-11 00:00:00
65fc954a9f2bbdff0f515804613bff44,run,40,0,2024-11-11 00:00:00
a7daa32e421846dd33dccd2eeae55727,run,55,0,2024-11-11 00:00:00
80739dc0afcaf5987d4131b2e993d83f,submit,8,0,2024-11-11 00:00:00
26b96250455d5a410758414ccd23ba80,submit,36,14,2024-11-11 00:00:00
59d5a3366380c651dc998dc04684cd05,run,119,0,2024-11-11 00:00:00
de0031ccb3c4316a23d0ba00a8bf7fe7,submit,61,44,2024-11-11 00:00:00
bbf000da2f740a7ef9d4de6e12865e2b,submit,22,5,2024-11-11 00:00:00
d81c1952b03e0804a1a0f2c2b8e06525,submit,80,9,2024-11-11 00:00:00
4aac44d935563a4689827cd02904c186,submit,98,5,2024-11-11 00:00:00
d22d1b084aaac91701cc0f37a7b3055b,run,4,0,2024-11-11 00:00:00
b46f58e1be1ad6a4800eda2be2b32547,submit,13,4,2024-11-11 00:00:00
c7e69aeb1045199d40fb08305844aa35,run,8,0,2024-11-11 00:00:00
f258aebdf3f96d6a330923ef70189809,run,17,0,2024-11-11 00:00:00
db66fcacc1195bbd03682b60a06dc865,run,74,0,2024-11-11 00:00:00
2d2dc58525696443918dfb383b916164,submit,6,4,2024-11-11 00:00:00
8129d7e4d2a2006c2970237988c3b1eb,run,17,0,2024-11-11 00:00:00
74c47e4a8bc1da4f029be60cc9fd818a,submit,23,13,2024-11-11 00:00:00
c99bc26fa6f71feb3318e42ae21ad0b5,submit,7,6,2024-11-11 00:00:00
57956be01ea02281c866859178aea9dd,submit,7,2,2024-11-11 00:00:00
bc6ad670dc67d161bcfedaed17d0c61c,submit,112,33,2024-11-11 00:00:00
3f836dc9963112c4387ee8fade3a3872,run,156,0,2024-11-11 00:00:00
3028f3bd4a6379782a9774e566f3a6d8,submit,80,37,2024-11-11 00:00:00
b9d0c3e1e35b770e263c7075df82794e,run,6,0,2024-11-11 00:00:00
04f087593068e5ad548bb976b2e924e8,submit,4,1,2024-11-11 00:00:00
5d4365553eb62f63463f9b66b63ad729,run,147,0,2024-11-11 00:00:00
545fec724d09b5b93f10f7cf2761ef12,submit,99,32,2024-11-11 00:00:00
8859264910c8439a98965c8ef511f37b,submit,4,2,2024-11-11 00:00:00
5f70c532ea72c4e9eef492aa38fd425f,run,36,0,2024-11-11 00:00:00
9e77b0485b9b4cbc020fb300e43f50cc,run,1,0,2024-11-11 00:00:00
6c31c3dca0e6830f215ca6686d2e2d61,run,679,0,2024-11-11 00:00:00
60ca456004298f99d7e5d13091b9b06c,submit,18,11,2024-11-11 00:00:00
ff6b6ecaffab2946c114f02ca311f50f,submit,11,9,2024-11-11 00:00:00
42d480574f875cd16661fb1d4df3ce95,run,1,0,2024-11-11 00:00:00
5754453e0d950f84319f2e995e6be868,submit,12,0,2024-11-11 00:00:00
a384ee1a34b4bc8b5974a325e592619e,run,1,0,2024-11-11 00:00:00
3ebcac13a78128f371fb501d24dcade2,submit,37,17,2024-11-11 00:00:00
a71a4d6be60eac650740261904fc3ace,submit,48,25,2024-11-11 00:00:00
b4ce22784ea2d8858d7018bc8a80ff4d,submit,36,21,2024-11-11 00:00:00
488515b5d02c41fe9d290300289130df,run,1,0,2024-11-11 00:00:00
e32ce8b9aad4a2c9b9d28f99489db324,submit,38,17,2024-11-11 00:00:00
ff5f0cf640d56d8939816266f7c5c691,submit,62,26,2024-11-11 00:00:00
38eca35be030c17203b04e494f29a8a7,submit,20,7,2024-11-11 00:00:00
269bfb6c02404085aeb1e4cab701a020,run,1,0,2024-11-11 00:00:00
981bde2685e5ce55b9a59c9ed0e12d98,run,9,0,2024-11-11 00:00:00
bbf000da2f740a7ef9d4de6e12865e2b,run,165,0,2024-11-11 00:00:00
e655eca812fe939d4c7674e37e837b64,submit,63,42,2024-11-11 00:00:00
feefbd624791691a40cc006eb73fc2d8,submit,9,3,2024-11-11 00:00:00
b75466e15ee33e3555ebebc62396006c,submit,11,2,2024-11-11 00:00:00
d17c2c2736d7442ead056ef5bcd83d23,run,3,0,2024-11-11 00:00:00
8342672c1070c1ff95e663b0a26e0d91,submit,23,17,2024-11-11 00:00:00
9ecfcec1ce1ed4e93af1848422a11c51,run,222,0,2024-11-11 00:00:00
8d4a18aead4b89a6c5818a7a27079f86,run,9,0,2024-11-11 00:00:00
89df8a1a6bb07573115107ed875dbb4a,submit,132,18,2024-11-11 00:00:00
6e5b73c8dd9a915fbd9d6ff3cc1f217b,run,3,0,2024-11-11 00:00:00
90bf96d73ee7692b6e17aa4c0bcc15a7,submit,8,6,2024-11-11 00:00:00
a5c8dc74c0055139439ea5ce09b414ef,run,21,0,2024-11-11 00:00:00
75c96b8a4ade01a55f28a17ba4d2fe8a,submit,14,2,2024-11-11 00:00:00
723fdb5d736d00e3a2997662f1fced45,submit,3,0,2024-11-11 00:00:00
abb16bec89bf8000533951118d1295b5,run,4,0,2024-11-11 00:00:00
51c303ed64319e190ef2536488758d1d,submit,1,1,2024-11-11 00:00:00
51740d67c5f4d989530d0f7855292563,run,147,0,2024-11-11 00:00:00
4a23d3f5bf9a1579d5febcf736317f90,run,18,0,2024-11-11 00:00:00
3c2d06d0a18c85027167d04b587f66cf,submit,17,13,2024-11-11 00:00:00
ee66f47e73de69c8785e62202355e134,run,6,0,2024-11-11 00:00:00
b67026c7e02701c7e93522add6cbc37e,submit,16,2,2024-11-11 00:00:00
1d41f959a32bde801e74e28652404699,run,12,0,2024-11-11 00:00:00
cf58828139fa06464cd011fe4750d838,run,1,0,2024-11-11 00:00:00
9d0690f446f52caa5fcaaeb1e0f7a9bb,run,19,0,2024-11-11 00:00:00
9b28065160e08a21428b54120bc0e6aa,submit,13,4,2024-11-11 00:00:00
7e8569b033502ed57dd530770db23e72,run,4,0,2024-11-11 00:00:00
d22d1b084aaac91701cc0f37a7b3055b,submit,2,1,2024-11-11 00:00:00
91b4683ac91d9c309468168ab410e3c0,run,2,0,2024-11-11 00:00:00
b77c0043865dc9b88b3ee033c7462721,submit,298,28,2024-11-11 00:00:00
ca8bae8e54d41b623ecae815c6efbff9,run,25,0,2024-11-11 00:00:00
6a1e77266c645109e3e574fe767376b1,submit,67,43,2024-11-11 00:00:00
5e6810cbe6734fe3b963525332d30447,submit,8,4,2024-11-11 00:00:00
67f82fc19dc840401574c7baf13e706c,run,67,0,2024-11-11 00:00:00
2aff5539a54aafa6dd23bc649c82ad29,submit,1,1,2024-11-11 00:00:00
93edcd8987cd9091f2e48b674f368860,run,5,0,2024-11-11 00:00:00
ee815ddfa4aae59c14a68e9810b2147a,submit,194,42,2024-11-11 00:00:00
3b7fc8a62ee4e3c6fdabf35cd7a7df12,submit,13,8,2024-11-11 00:00:00
73a6b7a53fbd4d4fa2e69876c6612761,submit,6,3,2024-11-11 00:00:00
81e4650a2c59d444c5f17d56897177c4,run,2,0,2024-11-11 00:00:00
6630207c4896aba5f28557d38cfb2dd8,run,21,0,2024-11-11 00:00:00
1d70d048550f21722928da05a5b679c6,run,116,0,2024-11-11 00:00:00
c28dabf664a84fd069e432f6dfae0511,run,6,0,2024-11-11 00:00:00
6eb3b3290cd2312262439846eda2a185,run,64,0,2024-11-11 00:00:00
d85e795400f75c07180478a0725cab93,run,40,0,2024-11-11 00:00:00
5701015819e808015c91f8d46d46e134,submit,2,0,2024-11-11 00:00:00
86c4f8361ed86218394d1a616a5e0c18,submit,11,3,2024-11-11 00:00:00
936f1c1e71d4394a5513f049086ea3c8,submit,13,6,2024-11-11 00:00:00
49ab6541021b3851f758cf86b85e1be2,run,165,0,2024-11-11 00:00:00
3864da54606aa82ffac61a18b3bb14fd,run,51,0,2024-11-11 00:00:00
fb1ea5a18b327a592aab5a4aac53cd44,submit,130,7,2024-11-11 00:00:00
93c43bfd0c9c6b90838ca6a540c314ae,submit,30,26,2024-11-11 00:00:00
b536a78c8e6504cb1b113a23df31d29b,run,56,0,2024-11-11 00:00:00
4c33b684a32c99815c9a4a65966c3959,submit,27,14,2024-11-11 00:00:00
fea6c8f5e64f67495ff7695337d74a0e,submit,78,31,2024-11-11 00:00:00
caffe8a70328b8d172e8fbf5f00f00df,run,65,0,2024-11-11 00:00:00
29cce776f6d73a783a5c8ea31ac10cd2,submit,2,1,2024-11-11 00:00:00
aeb416ace41b20f272c576d62ecb078c,submit,8,3,2024-11-11 00:00:00
767e352454d94016d079f1059ae99801,submit,21,3,2024-11-11 00:00:00
7b3fedeb3c2024e8de1129e68c3182a4,submit,15,15,2024-11-11 00:00:00
61c932f61ef8406b943e33f3a0b88053,submit,12,5,2024-11-11 00:00:00
39bb60c3bb098f0dbe55aaa8da8766e9,submit,61,6,2024-11-11 00:00:00
a998bf22f5b04ab182e8b1f256a0de66,run,9,0,2024-11-11 00:00:00
3028f3bd4a6379782a9774e566f3a6d8,run,271,0,2024-11-11 00:00:00
7f1ca4e01c75536aaee9aeaf103bbcec,submit,58,17,2024-11-11 00:00:00
8edca0fde1811eebd63171c244187de9,submit,124,71,2024-11-11 00:00:00
c70bd85bd7d7dcf68b9ff170dd58f25d,submit,158,82,2024-11-11 00:00:00
4c6cda71b2595d1ad869dac13bac574f,submit,51,28,2024-11-11 00:00:00
4aff6ec3c74eb35c6926cebb5a0ec625,submit,19,11,2024-11-11 00:00:00
b16fe26d0ae077ec5c8f876949b1301e,run,67,0,2024-11-11 00:00:00
59d5a3366380c651dc998dc04684cd05,submit,125,93,2024-11-11 00:00:00
abecd55a14f346e72f056a56447130a8,submit,5,1,2024-11-11 00:00:00
a22438d348db96da1d0b99a60c944811,run,13,0,2024-11-11 00:00:00
7f4fb8bac3b27daeb619b699eb06735f,submit,1,1,2024-11-11 00:00:00
ab65c189364931cf7b0195d11e9dbdeb,submit,8,0,2024-11-11 00:00:00
7b8541c43291ace4388c39621e7d3b18,submit,18,7,2024-11-11 00:00:00
7878bed93cbb2f8b20d32f287bafa18e,submit,24,5,2024-11-11 00:00:00
771832cc0c9015ca08263816ffafbf45,run,6,0,2024-11-11 00:00:00
509f5340338969f7c3e7010b3b0e5177,run,21,0,2024-11-11 00:00:00
fd52b1d70fc84a15064862cee929ee7b,run,2,0,2024-11-11 00:00:00
f937067b760b029c1603dbae265f4883,run,1,0,2024-11-11 00:00:00
5d97fc37ca254646610a8d6681f34022,submit,81,29,2024-11-11 00:00:00
db66fcacc1195bbd03682b60a06dc865,submit,30,8,2024-11-11 00:00:00
b21d82cbc92c8f37205af4b03c4a192f,run,28,0,2024-11-11 00:00:00
ecbaa51db6e4eb82e267c925cdedcb3d,submit,1,1,2024-11-11 00:00:00
d348f7b57ab948099a6bb53a6a55afa4,submit,41,9,2024-11-11 00:00:00
00b7ba7c89b45c0096451fa7b8e2db89,submit,14,3,2024-11-11 00:00:00
bc6ad670dc67d161bcfedaed17d0c61c,run,6,0,2024-11-11 00:00:00
7e8569b033502ed57dd530770db23e72,submit,5,3,2024-11-11 00:00:00
63b72a2cbc1ceb7d485e95c6ee255151,run,231,0,2024-11-11 00:00:00
7928f5766183a832bc5741a196988b24,run,21,0,2024-11-11 00:00:00
81e4650a2c59d444c5f17d56897177c4,submit,1,0,2024-11-11 00:00:00
892c62ee91df3cf7d54d1fb0dedd760e,run,76,0,2024-11-11 00:00:00
4f6e7be4e357277e9f2c595012026e94,run,2,0,2024-11-11 00:00:00
7744dce42cc76071b8591f671245a743,submit,9,4,2024-11-11 00:00:00
1b0f054b68d5b6642bb3c1fd25121666,submit,2,1,2024-11-11 00:00:00
738d14a977b3cb4d41ab0d1e0a9106e4,run,12,0,2024-11-11 00:00:00
4db48b768541c9e20c353dc0d7991281,submit,6,4,2024-11-11 00:00:00
ed64fab573a7e6801bd9d49e16030a5c,submit,79,28,2024-11-11 00:00:00
00b851d60b478b06e325de25ca8ed492,submit,7,3,2024-11-11 00:00:00
f22c4cd3d164461bebfd1c37b4ee9d45,submit,1,0,2024-11-11 00:00:00
f40f5643917a96d892b80241507ec755,submit,70,24,2024-11-11 00:00:00
9c33c9d83777c9a7ac5c78f77fe6794c,run,1,0,2024-11-11 00:00:00
3b7fc8a62ee4e3c6fdabf35cd7a7df12,run,69,0,2024-11-11 00:00:00
21bac3c460ea9c517f841328027cd6fa,submit,5,5,2024-11-11 00:00:00
4583593fecf33f6970baec4874876730,run,103,0,2024-11-11 00:00:00
2caaba7661576df1f3098be6a7ec94ca,run,7,0,2024-11-11 00:00:00
2be0a14ba5e750c2fbda91c85bda61f1,submit,12,1,2024-11-11 00:00:00
156d2d2ae42aa0f199dfd0998b2312c1,submit,70,9,2024-11-11 00:00:00
ebf9a8ad037a2634ce58d6dd5f0c3f6f,submit,7,7,2024-11-11 00:00:00
ba1d72990369242e0b0c2dab3c4a99ca,submit,2,1,2024-11-11 00:00:00
ef2906a633c48afb8ba7127bb22eaffd,run,41,0,2024-11-11 00:00:00
69da992aead6f613dbd330746c91f343,run,6,0,2024-11-11 00:00:00
2febac17b5c00a67ec7636a1b1d49c11,submit,32,11,2024-11-11 00:00:00
49ab6541021b3851f758cf86b85e1be2,submit,34,26,2024-11-11 00:00:00
01f34a6003da268748972eae1ac1a06e,run,192,0,2024-11-11 00:00:00
b4611d5041abeb8af77f8016ccca5127,run,114,0,2024-11-11 00:00:00
3893b2604182ef85937afa0d75375da3,run,12,0,2024-11-11 00:00:00
4e87e3589b9cb4f55113e82ba8f27267,run,19,0,2024-11-11 00:00:00
1d70d048550f21722928da05a5b679c6,submit,42,33,2024-11-11 00:00:00
cf51478ef4af94acfc9c791b591df2d2,run,79,0,2024-11-11 00:00:00
9533e0d97a2995e8fd002df2b87e9b7e,submit,157,28,2024-11-11 00:00:00
ab65c189364931cf7b0195d11e9dbdeb,run,19,0,2024-11-11 00:00:00
9c30904259bc8a4542179e697936e446,submit,16,4,2024-11-11 00:00:00
b55741d3f286d0cd0141f3b72c356b57,submit,72,27,2024-11-11 00:00:00
102670b0c1fba631a8dc2a03b73ea71b,submit,13,11,2024-11-11 00:00:00
751497f46fb25879bdb67317fd9461a2,run,4,0,2024-11-11 00:00:00
91ee97db05fc66ce6d82e22c35778831,submit,2,0,2024-11-11 00:00:00
752a55d73d56e807de45cdd0b3ad7dc7,run,322,0,2024-11-11 00:00:00
4a0103879ff6f2be13a1b7226d696596,run,3,0,2024-11-11 00:00:00
292e9cefc76c6a66588a2fcbd0fc4b34,run,10,0,2024-11-11 00:00:00
6ae8d48be8d54f18d67eb79031d1d4ab,run,9,0,2024-11-11 00:00:00
b536a78c8e6504cb1b113a23df31d29b,submit,25,6,2024-11-11 00:00:00
f35164b3d7f7afb7a90ea5293e58a8ec,submit,124,102,2024-11-11 00:00:00
0978d6e1e63a8a36c9476045ee545b75,run,9,0,2024-11-11 00:00:00
f62ac1e7cb51d70c08d9349b1ca601f4,submit,55,6,2024-11-11 00:00:00
95be4a1f2a1535a1c07d0e45ceb88bda,submit,5,5,2024-11-11 00:00:00
e0d222e53e18f77fe34c373e33b037df,run,72,0,2024-11-11 00:00:00
51c303ed64319e190ef2536488758d1d,run,41,0,2024-11-11 00:00:00
2a44b41127977c3906210f5ff1aa9457,submit,19,7,2024-11-11 00:00:00
ccb7a0412618dc0ca19662ef99a4a98f,submit,51,14,2024-11-11 00:00:00
d7f8337b387d24ce4874c3b5c5eb54d5,submit,70,35,2024-11-11 00:00:00
b952d13b56e3e37410342beedde5a004,run,11,0,2024-11-11 00:00:00
9b8bdd1a350cf4c2e5d84da27d15f7e0,run,3,0,2024-11-11 00:00:00
752a55d73d56e807de45cdd0b3ad7dc7,submit,50,14,2024-11-11 00:00:00
e80003ea9ae4b6e00c6a6ace3891aa1e,submit,11,1,2024-11-11 00:00:00
98f7dd1dbae1217d025f30a4fe1299f7,submit,38,22,2024-11-11 00:00:00
388efc3944852931f35f28039f6c46e6,run,37,0,2024-11-11 00:00:00
d348f7b57ab948099a6bb53a6a55afa4,run,3,0,2024-11-11 00:00:00
789fa6c02114e6bfe77a71781225d36c,submit,2,2,2024-11-11 00:00:00
b590e21bbd271fc6029006cfeaf4051b,run,62,0,2024-11-11 00:00:00
4569019e95d6ea9be946b93f449ceef1,submit,8,6,2024-11-11 00:00:00
c174887fbd9e3b4082875bb1ef75d629,submit,3,0,2024-11-11 00:00:00
70d59dc21c68fb6cb28e91178f844c65,run,48,0,2024-11-11 00:00:00
090c21b82019299c056cd2c74ee14af3,run,176,0,2024-11-11 00:00:00
fbf16e332cae3608e5881ba80f53344d,run,19,0,2024-11-11 00:00:00
95b5e73b41436dbb65493f18dc8dcca4,submit,2,2,2024-11-11 00:00:00
e03494e20254d5d35bb88a625214b70c,run,1,0,2024-11-11 00:00:00
85e0151bad5bee56a2c7397006afd9d9,submit,12,3,2024-11-11 00:00:00
db135aae78391236cabd1acb6b76ae6a,submit,30,13,2024-11-11 00:00:00
e977e45d418775e130a1d7ff464240e8,submit,1,0,2024-11-11 00:00:00
bf88f2502136f0d2c747bfa301613305,run,4,0,2024-11-11 00:00:00
9655597b8a02ab081102f728e1483089,run,2,0,2024-11-11 00:00:00
fef5eb56dc49b1b86a32d8554ef32f1d,submit,139,26,2024-11-11 00:00:00
848d3f225c7f87b2ce4aee11d9b1a42b,submit,3,3,2024-11-11 00:00:00
e5d6ed43bf26de4e38ba1e9385536fec,run,6,0,2024-11-11 00:00:00
d2aaa5c6aeb5181a46ef07090feb5a62,submit,71,62,2024-11-11 00:00:00
57f8dea75d7999b3fbcd9808d79a1726,run,3,0,2024-11-11 00:00:00
5c44f979d6c59a072f6592609f4a3a87,submit,51,12,2024-11-11 00:00:00
9d94377d4adf9b1c51df821cc189db1d,submit,18,4,2024-11-11 00:00:00
170b8e1ab7c5307d1b235b40d229c9a4,submit,1,0,2024-11-11 00:00:00
b9ca9e75d1a2017499f2231787cb531d,run,7,0,2024-11-11 00:00:00
738d14a977b3cb4d41ab0d1e0a9106e4,submit,6,0,2024-11-11 00:00:00
7e7ce27738dead7d426d959465066a3a,run,3,0,2024-11-11 00:00:00
643b636a68157a6cc0d11b18eea6dff1,submit,96,16,2024-11-11 00:00:00
6ffa1965ae0517a601a932fd5565052b,run,202,0,2024-11-11 00:00:00
7ffc8522dbc0b1426a49a82b53a0b8a1,run,2,0,2024-11-11 00:00:00
,submit,48,24,2024-11-11 00:00:00
4e2da8ab3672bb539f61c7834a0e10ec,submit,72,43,2024-11-11 00:00:00
69da992aead6f613dbd330746c91f343,submit,51,21,2024-11-11 00:00:00
6d6ea55144c4e3613c2bf5977ada4e1a,run,11,0,2024-11-11 00:00:00
abb16bec89bf8000533951118d1295b5,submit,2,2,2024-11-11 00:00:00
0559df91aa3cb6068a07b7756b6645fc,run,2,0,2024-11-11 00:00:00
5703528bbd65129bb88db45d68f8cd82,run,4,0,2024-11-11 00:00:00
aa2b3b8cbf87ef3a5c26265b9c436b7b,submit,3,2,2024-11-11 00:00:00
2fc5de42a4801eb51302576e5c1d20a1,run,13,0,2024-11-11 00:00:00
6d94570cdf0eba90ed9a4bc67a1ae73f,submit,23,3,2024-11-11 00:00:00
9d7aa6cdddcdf0727004bb6fd533f9bf,submit,19,6,2024-11-11 00:00:00
d96256d0fac23b25fc48532e41570f42,submit,2,1,2024-11-11 00:00:00
064f3da8bb81e1126102f27336bf61a2,submit,4,1,2024-11-11 00:00:00
c6dc98a1dd744ca2bdd0cfee4c8dd509,submit,6,2,2024-11-11 00:00:00
d6c71fef41867a1cc0d0a38c42f32b22,submit,35,6,2024-11-11 00:00:00
38f36c18a52606d1dc47835dbec4d8e4,run,125,0,2024-11-11 00:00:00
0eef163189521d91655825cf6185beb4,run,64,0,2024-11-11 00:00:00
53249c144aa22b585b318ffa71312539,submit,202,17,2024-11-11 00:00:00
6a5b7292961f3d73dca00d63ce2b2c06,run,1,0,2024-11-11 00:00:00
3e6cb3ecf0d91df12297c7d92cd3433f,run,77,0,2024-11-11 00:00:00
b68a09e34c766b4d64b95e9de88b332a,run,4,0,2024-11-11 00:00:00
898ef892a22fed343f629076296e7e49,submit,22,2,2024-11-11 00:00:00
152b2ad2afa909b58a702c54e2021222,run,1,0,2024-11-11 00:00:00
d4252b573cfbce16290312c95cf7313c,run,8,0,2024-11-11 00:00:00
a93f12148d30739c309d8bdcc8eb3720,run,1,0,2024-11-11 00:00:00
b6d15bb7581ae7e94c5d7b3e70689e14,submit,20,13,2024-11-11 00:00:00
6905e651f7a47c187f098889b14a97a3,run,3,0,2024-11-11 00:00:00
4e8fc5dd58f249baf0e616cad8e642fa,submit,21,13,2024-11-11 00:00:00
16e5ec6c7703b18b0deaa46b986fa46b,submit,12,4,2024-11-11 00:00:00
aa10614cbbbf44ee3876249a8ca1400d,run,6,0,2024-11-11 00:00:00
58f8b3e03413e055dae0d8b427788b6f,submit,4,3,2024-11-11 00:00:00
0ecc0be183ab6c00c81dc54591279e91,submit,1,1,2024-11-11 00:00:00
3b9505fb81ad5d8504147db181688090,run,56,0,2024-11-11 00:00:00
ad335ac7f4173a3604b86c5ef80d528f,run,208,0,2024-11-11 00:00:00
6ece15d6d9b08c12b37ced4802fc5ede,submit,6,6,2024-11-11 00:00:00
aa10614cbbbf44ee3876249a8ca1400d,submit,24,3,2024-11-11 00:00:00
289258df4c439b23ec0770700618ca13,submit,2,1,2024-11-11 00:00:00
dadebb873e86199893c5281dfa7ef3c8,submit,15,2,2024-11-11 00:00:00
6a8c812fe69f9ec38c4ed900f4a4fa0e,submit,38,26,2024-11-11 00:00:00
cf484103dd8e586e994353c9aa94b8b4,run,4,0,2024-11-11 00:00:00
73a8dcc0cb1982752eff14b90d0feb6d,run,6,0,2024-11-11 00:00:00
0ce3d97dbc691a37489f8f2bcf1c602a,run,3,0,2024-11-11 00:00:00
935eff674ac42fef50080540366452d0,submit,55,43,2024-11-11 00:00:00
65080d844b1c6e253c832e70a829e979,submit,12,9,2024-11-11 00:00:00
05b9f5076f7da2fd89038e0170cce051,submit,6,3,2024-11-11 00:00:00
574e2d60a54a1d2ab9b270cb7f234e39,submit,6,5,2024-11-11 00:00:00
f50754b79101939539c2405b6cea34e7,submit,27,9,2024-11-11 00:00:00
00e48ff41dd66e63b468aae385eaf2b3,submit,21,2,2024-11-11 00:00:00
3cfaaebf9e3eb25fa1ad70ded843e92f,run,1,0,2024-11-11 00:00:00
f7f4db57616071c877db22c635f5a35e,submit,51,18,2024-11-11 00:00:00
bd871ab121941a2c3341b6845fc47f89,run,150,0,2024-11-11 00:00:00
fe41f528edc0d65b3e1860e78fa0a9a1,run,3,0,2024-11-11 00:00:00
667169befd256cb5e19b45635994b05b,run,11,0,2024-11-11 00:00:00
20a3fa2de68a6fc105a549b419a7f900,run,229,0,2024-11-11 00:00:00
55366d93580a5e27f2050cdb3b2fe2e3,run,2,0,2024-11-11 00:00:00
110df4265b60626035ab22dadfb31425,submit,154,19,2024-11-11 00:00:00
a797067d2d765be052f7c0a39a6ceb91,run,3,0,2024-11-11 00:00:00
79e16d108a9a8cf0355ece93b859c4e7,run,1,0,2024-11-11 00:00:00
bddcf9c99d1b58e5989d43ec8f6af2e7,submit,50,34,2024-11-11 00:00:00
e1679e6be9dda88f5436e586a832ac3e,run,1,0,2024-11-11 00:00:00
57da436dfa7b1ef7c4d6d29ad67a705f,submit,10,4,2024-11-11 00:00:00
918031661b82ab3c8112247cdf6e0f3f,submit,38,4,2024-11-11 00:00:00
fc741c6e7d40f1cdcc3c67ba36512f16,submit,22,15,2024-11-11 00:00:00
2ee7ede56561184ecba43f708800650a,run,19,0,2024-11-11 00:00:00
2714acb0c2936bfb5a98e8f95cd009e7,run,31,0,2024-11-11 00:00:00
b1f583a04029a044b322171f08aa4780,run,1,0,2024-11-11 00:00:00
c7e69aeb1045199d40fb08305844aa35,submit,58,27,2024-11-11 00:00:00
4499387ab925015fa495d573ead4ba85,submit,6,6,2024-11-11 00:00:00
efede9da52139f982505fb207078603b,run,2,0,2024-11-11 00:00:00
b590e21bbd271fc6029006cfeaf4051b,submit,29,10,2024-11-11 00:00:00
ad82cdeab28cff02911bd041682a5ad9,run,32,0,2024-11-11 00:00:00
545fec724d09b5b93f10f7cf2761ef12,run,245,0,2024-11-11 00:00:00
afa8b2b48aaafaf7b825090365cc4436,submit,110,48,2024-11-11 00:00:00
de0031ccb3c4316a23d0ba00a8bf7fe7,run,58,0,2024-11-11 00:00:00
466f5008402d0ddb7ec6e1d227de83b2,run,21,0,2024-11-11 00:00:00
892c62ee91df3cf7d54d1fb0dedd760e,submit,78,43,2024-11-11 00:00:00
01adaf1e6ca74e0020ccde925aaf2e89,submit,5,0,2024-11-11 00:00:00
a56c52abff8f4c4553163efb88f12979,run,148,0,2024-11-11 00:00:00
1c5b5958002a8dfe47290ab3ef7f0926,submit,288,14,2024-11-11 00:00:00
02e3f821b3815116c752e5852a2e98df,submit,1,1,2024-11-11 00:00:00
0484f6554d58f5617d2882c7bf469d15,run,30,0,2024-11-11 00:00:00
c324bfe56ca436462f87c267f51d82ec,run,54,0,2024-11-11 00:00:00
e2b74928788cfc7ab88c4b47492ad919,submit,30,24,2024-11-11 00:00:00
fab7047f2d4a13620a17de6074441e35,run,11,0,2024-11-11 00:00:00
7b8541c43291ace4388c39621e7d3b18,run,6,0,2024-11-11 00:00:00
1d2549f62b4a93ff848ce0effa648e9e,submit,119,42,2024-11-11 00:00:00
b716a95e673c6cbd02bf34b2cb4a29e3,run,17,0,2024-11-11 00:00:00
4f2db8fa1e8f7de2364dcf64db97b4a8,run,3,0,2024-11-11 00:00:00
7ef9e6c54d8ed54990911abea3c109e8,submit,281,6,2024-11-11 00:00:00
e5a25ac634a0d9158b02de2e30bb3640,submit,16,4,2024-11-11 00:00:00
e9ef2252420f68d2dfe17657980b0e02,submit,3,2,2024-11-11 00:00:00
b9ca9e75d1a2017499f2231787cb531d,submit,37,5,2024-11-11 00:00:00
e78c2bcabcd19781cdb1a536a8e31085,run,20,0,2024-11-11 00:00:00
a846f2f784aadb165b40b3a40687d793,run,6,0,2024-11-11 00:00:00
1d0dcb400c039f8b0087de381371f984,submit,109,51,2024-11-11 00:00:00
129062901bf6f0ca089a03147bc5cda6,submit,8,3,2024-11-11 00:00:00
f7fbcda9bef5c8793babbf7f27b82dc1,run,6,0,2024-11-11 00:00:00
c2eee08cec01f1c1c87acd349328d172,submit,7,4,2024-11-11 00:00:00
3e166b0596552ee85aeaa445d665068f,run,11,0,2024-11-11 00:00:00
da16149afd27618a3369827bbfa1ed99,submit,3,2,2024-11-11 00:00:00
9b2e899908eaddc802dc083ee7080ddb,submit,9,6,2024-11-11 00:00:00
dc1721548b53253c53e7490e22905991,submit,30,14,2024-11-11 00:00:00
ea7ec244dd18613919175f331d4b0c10,submit,3,2,2024-11-11 00:00:00
c463da6e172436d3132a302b0c15be61,run,2,0,2024-11-11 00:00:00
102670b0c1fba631a8dc2a03b73ea71b,run,2,0,2024-11-11 00:00:00
6121d414e70d9a81ecf8996d7750f151,run,61,0,2024-11-11 00:00:00
4fe60a5e87cf200d6ab85713f560d85b,submit,73,21,2024-11-11 00:00:00
d6155da7d081c73acf536981f68b92f1,submit,41,29,2024-11-11 00:00:00
385a284c39fb57615be2dde321932f5e,submit,7,4,2024-11-11 00:00:00
4f699630ef97845f1109763649cd9c6e,run,46,0,2024-11-11 00:00:00
fb93144fd3ee11cc144b800105cda197,run,9,0,2024-11-11 00:00:00
6cd22dadd05d1121c0b00f3f98b4f444,run,8,0,2024-11-11 00:00:00
c76d0918c65712fe5821597155c21d29,submit,14,10,2024-11-11 00:00:00
e655eca812fe939d4c7674e37e837b64,run,108,0,2024-11-11 00:00:00
43fdac03fc861620bc197a99e960d192,submit,61,9,2024-11-11 00:00:00
b16fe26d0ae077ec5c8f876949b1301e,submit,346,61,2024-11-11 00:00:00
aeb416ace41b20f272c576d62ecb078c,run,2,0,2024-11-11 00:00:00
c76d0918c65712fe5821597155c21d29,run,33,0,2024-11-11 00:00:00
4f699630ef97845f1109763649cd9c6e,submit,280,92,2024-11-11 00:00:00
030e33058124ea4605c023577f5f0d27,submit,39,13,2024-11-11 00:00:00
e5a25ac634a0d9158b02de2e30bb3640,run,5,0,2024-11-11 00:00:00
00a647cd13d00d8a3f32b1d5e6d18180,submit,24,4,2024-11-11 00:00:00
21376043c02745a631a39b5e13b91a4f,run,4,0,2024-11-11 00:00:00
9d94377d4adf9b1c51df821cc189db1d,run,36,0,2024-11-11 00:00:00
8374046a164e5366a159e6883e84ffce,submit,7,0,2024-11-11 00:00:00
8ce4f612772cf941326a6ecf95279554,submit,104,15,2024-11-11 00:00:00
81bcbe618e8ba2ed864b462606702f30,submit,52,8,2024-11-11 00:00:00
b75466e15ee33e3555ebebc62396006c,run,4,0,2024-11-11 00:00:00
45c605a38190b7a5fccb09dc40ef4a89,submit,46,31,2024-11-11 00:00:00
affb110f38f9171c8e35f7b5da5e5417,run,1,0,2024-11-11 00:00:00
89df8a1a6bb07573115107ed875dbb4a,run,37,0,2024-11-11 00:00:00
029399959422bf02990febe902fbdbab,run,192,0,2024-11-11 00:00:00
3661a45545f9d40f5cc32a0537acfc73,submit,23,20,2024-11-11 00:00:00
49e971470f51e04690f2c3f4bf3024f5,submit,176,74,2024-11-11 00:00:00
10f3f63f760ec7e19dfc697b0f1ae91e,submit,12,6,2024-11-11 00:00:00
311532ad3c4284112768b508356a5d5c,submit,29,4,2024-11-11 00:00:00
e71684a57b7d9de660e382e52bfeaa4b,run,127,0,2024-11-11 00:00:00
71fe3ef9724e1de2c2a06395584afba0,submit,71,14,2024-11-11 00:00:00
cf882d971582a5f3baa1b628cf1a10c9,submit,30,18,2024-11-11 00:00:00
dad3a7a643357bc28cad66f87083d41d,run,7,0,2024-11-11 00:00:00
51e1fc91a0b441d164983c4118d9ef90,run,135,0,2024-11-11 00:00:00
5138d236116df823355d21a70752361a,submit,47,13,2024-11-11 00:00:00
385a284c39fb57615be2dde321932f5e,run,7,0,2024-11-11 00:00:00
6a39eaa9510b4e95c4766f7bb80cd22a,run,3,0,2024-11-11 00:00:00
f682d284ab91f0a386aa7515cdb1db57,run,3,0,2024-11-11 00:00:00
702395a3e82480abf98cb8f74ba9a39e,run,141,0,2024-11-11 00:00:00
aebd0268df60100fbef2c7d2d7e895fe,submit,2,2,2024-11-11 00:00:00
44e798bec10b3c9876c76ab6b811c151,submit,33,3,2024-11-11 00:00:00
6d94570cdf0eba90ed9a4bc67a1ae73f,run,6,0,2024-11-11 00:00:00
d8de623075c93a0e4ca297702fc237c0,submit,13,13,2024-11-11 00:00:00
1d76343f3a5a5d93f76c4ceb576d11ed,submit,37,13,2024-11-11 00:00:00
3384ac968097a142992e21f00366fdad,run,1,0,2024-11-11 00:00:00
00434b8102d49b494c35a644d0821700,run,22,0,2024-11-11 00:00:00
1d3ac4b61e7960eb943c02de2f68505e,submit,26,5,2024-11-11 00:00:00
9a8c8c7bece894780c89555aa8fdd5d4,run,216,0,2024-11-11 00:00:00
fcc3eda9d02270772933f6e77030feb9,submit,18,4,2024-11-11 00:00:00
ccdbf93b7f1384ba3adef71926e12401,submit,712,73,2024-11-11 00:00:00
05d626db9d2fd6e30ac92835fd3d2396,submit,3,1,2024-11-11 00:00:00
a8c04906cb1c3af8533bab51ce4528cb,run,16,0,2024-11-11 00:00:00
c1322aa488e47530643de9c2d447d1c0,submit,6,4,2024-11-11 00:00:00
aafb034418e1516361fa64296765464b,submit,13,4,2024-11-11 00:00:00
31ffbbf6147908305beeb0335095a293,run,66,0,2024-11-11 00:00:00
21376043c02745a631a39b5e13b91a4f,submit,11,1,2024-11-11 00:00:00
7ea9244cff5d706c6759b126b32fb8cd,submit,8,6,2024-11-11 00:00:00
5812fde651d506adf5e9916a0a8483df,submit,16,4,2024-11-11 00:00:00
ca074bf5fa8cbd53445bb82345bd3442,submit,16,13,2024-11-11 00:00:00
c10d6585d20816e28ec14bf4f864a0a0,run,8,0,2024-11-11 00:00:00
ac759f82483e1659a553df7814cab4a6,submit,6,3,2024-11-11 00:00:00
272cb44bae0db460e3c478a91c8c8fa0,run,37,0,2024-11-11 00:00:00
5f6e90e2c22c441551a3ce3d86749017,submit,21,8,2024-11-11 00:00:00
503e0746b05e4549088fb81df9b23288,submit,12,3,2024-11-11 00:00:00
28affacd34fc15c3e068a294fcbd0465,submit,68,32,2024-11-11 00:00:00
c99bc26fa6f71feb3318e42ae21ad0b5,run,11,0,2024-11-11 00:00:00
a0eb1835e9f5f21ccc5dc648bfe9b45a,run,6,0,2024-11-11 00:00:00
a7daa32e421846dd33dccd2eeae55727,submit,11,1,2024-11-11 00:00:00
a799ea4bef9a94d867ec0cca241661d7,submit,38,27,2024-11-11 00:00:00
2581b30e900d4aa667cc905a136b0e56,submit,7,7,2024-11-11 00:00:00
caffe8a70328b8d172e8fbf5f00f00df,submit,88,21,2024-11-11 00:00:00
ab8070775bf600ac2daa8ded5c206ddc,submit,50,5,2024-11-11 00:00:00
5b64984563cc61617065d08ec5b7c454,submit,1,0,2024-11-11 00:00:00
702f864e74822c865274d90dcc26ad62,run,71,0,2024-11-11 00:00:00
0eddf1baaded5186d66d750ea316763b,submit,75,12,2024-11-11 00:00:00
722e4ce34b8fc7aee9347999e6f21902,run,6,0,2024-11-11 00:00:00
c6c06b69fef597ad2adf0b9a29efd248,submit,8,6,2024-11-11 00:00:00
c28dabf664a84fd069e432f6dfae0511,submit,20,7,2024-11-11 00:00:00
32af1c58a251da22f44f424377302cb4,submit,46,16,2024-11-11 00:00:00
d01ecd28c71c09833765fbb8d099943b,run,65,0,2024-11-11 00:00:00
39aff77efb665367289e9537a59e5561,run,72,0,2024-11-11 00:00:00
37ae795606ab4b03b6253eeb53695c47,submit,3,3,2024-11-11 00:00:00
df9a46d5f630acd3f0426b2762b218cb,run,6,0,2024-11-11 00:00:00
481c5a98ccd17c0691c420dad8e33b1d,submit,30,18,2024-11-11 00:00:00
3fa59a9f97f19cdf8cd13430f19ff5ed,run,3,0,2024-11-11 00:00:00
6a686c7f422260358141d340d5bb6297,submit,1,1,2024-11-11 00:00:00
0484f6554d58f5617d2882c7bf469d15,submit,12,0,2024-11-11 00:00:00
c6dc98a1dd744ca2bdd0cfee4c8dd509,run,10,0,2024-11-11 00:00:00
9f853f5343c3cd8cdae948768124203a,submit,17,16,2024-11-11 00:00:00
9b8bdd1a350cf4c2e5d84da27d15f7e0,submit,28,10,2024-11-11 00:00:00
b874408118e382567f6e55c964269c55,run,24,0,2024-11-11 00:00:00
b29beaa95a6967ae4df80dca44a8b2dd,run,8,0,2024-11-11 00:00:00
f22c4cd3d164461bebfd1c37b4ee9d45,run,3,0,2024-11-11 00:00:00
c324bfe56ca436462f87c267f51d82ec,submit,21,3,2024-11-11 00:00:00
7710e89736321e97a40d98bdd507cc95,submit,286,29,2024-11-11 00:00:00
b51950f4a92829f9676b06028b513982,submit,4,2,2024-11-11 00:00:00
cd51d36c15dc702c4240f7b4acb29f7a,submit,1,1,2024-11-11 00:00:00
739b258561cee39f4f0e91973d81c8b0,submit,6,0,2024-11-11 00:00:00
182225812490eb6c1c68e5e1b27a1869,submit,52,20,2024-11-11 00:00:00
c5ed0571bf15a42cb4a4e742861d777a,submit,12,0,2024-11-11 00:00:00
fea6c8f5e64f67495ff7695337d74a0e,run,460,0,2024-11-11 00:00:00
981bde2685e5ce55b9a59c9ed0e12d98,submit,42,14,2024-11-11 00:00:00
fd986cb795b278227d8a49cd1bfaea8c,submit,53,31,2024-11-11 00:00:00
1833da65b18e1915ef8945ac51de9723,run,1,0,2024-11-11 00:00:00
597304c2a9156f0f5f4aad03cc6ddb01,run,102,0,2024-11-11 00:00:00
63b72a2cbc1ceb7d485e95c6ee255151,submit,62,0,2024-11-11 00:00:00
e32ce8b9aad4a2c9b9d28f99489db324,run,18,0,2024-11-11 00:00:00
57f8dea75d7999b3fbcd9808d79a1726,submit,12,2,2024-11-11 00:00:00
7585eed12f60ba83a092dbd3f5115390,submit,33,3,2024-11-11 00:00:00
fef0e653c52d3f042343545b3626cfa8,submit,3,1,2024-11-11 00:00:00
4e8fc5dd58f249baf0e616cad8e642fa,run,99,0,2024-11-11 00:00:00
c5059d184806c1b6e8031367e1bc58a1,run,47,0,2024-11-11 00:00:00
7cb3edcecf170af8bc4a77c387d70d29,submit,51,8,2024-11-11 00:00:00
1d09e35a17dcb5658715b47b01906bf1,run,1,0,2024-11-11 00:00:00
0655678b316134356c8372eaba596704,submit,67,6,2024-11-11 00:00:00
74885d489dd909e8437850d2cbb0d1ff,submit,18,2,2024-11-11 00:00:00
7c3b5607012f0197d5574dce07e07d6a,run,199,0,2024-11-11 00:00:00
cf882d971582a5f3baa1b628cf1a10c9,run,294,0,2024-11-11 00:00:00
402f7235ed47eeae997515cd199fdb8b,submit,69,7,2024-11-11 00:00:00
e61a7ecb6517ea1272e89229a66da430,submit,15,9,2024-11-11 00:00:00
ff6b6ecaffab2946c114f02ca311f50f,run,30,0,2024-11-11 00:00:00
e3b273d570b8ec8d5c9e7ae90cbb965a,run,6,0,2024-11-11 00:00:00
ab6d738b4f796b1843c047f3257a69e6,run,33,0,2024-11-11 00:00:00
dff9fd7cd1755ab2b3f1f11f4dbfb1cb,submit,41,9,2024-11-11 00:00:00
5b59f5a56e51e776263e2112e38dddee,submit,50,18,2024-11-11 00:00:00
4e85b6d8dcf1816ed0595607f6cb9f6c,submit,17,9,2024-11-11 00:00:00
f58f87fea83f660ce2cdab0ad42c6890,run,2,0,2024-11-11 00:00:00
90a3deaf06968cbbe048e9a31d45188f,run,2,0,2024-11-11 00:00:00
20c145af1bc35a720a1595d7ddb4d943,submit,1,0,2024-11-11 00:00:00
95be4a1f2a1535a1c07d0e45ceb88bda,run,30,0,2024-11-11 00:00:00
3f836dc9963112c4387ee8fade3a3872,submit,27,18,2024-11-11 00:00:00
10fa68996270bde057d18a6b1d53338f,run,6,0,2024-11-11 00:00:00
0db4cd5f19b9c4a042411cbb549a4274,submit,27,13,2024-11-11 00:00:00
0bae44b1175e0b3f7048375d330364c4,run,1,0,2024-11-11 00:00:00
db3fd2411f96ad05eb511ec67b90a068,submit,6,3,2024-11-11 00:00:00
0d8fb9b568e2df8a46628d9ce5ce8966,submit,46,30,2024-11-11 00:00:00
c4762f8e87daa42deef30e4496976c96,submit,100,36,2024-11-11 00:00:00
91ee97db05fc66ce6d82e22c35778831,run,1,0,2024-11-11 00:00:00
8da71699284fa12aa27221f676e22905,run,2,0,2024-11-11 00:00:00
68b48bdc103e8158986c91329a041a26,submit,14,7,2024-11-11 00:00:00
9d32e3ece5719e02a12422c499207b88,submit,1,1,2024-11-11 00:00:00
c4f902ec157ea4ddc759f0ab42cb7356,submit,5,2,2024-11-11 00:00:00
1a905cd87547fa010839752934d82fef,submit,1,1,2024-11-11 00:00:00
6de158185e85eae65c8583b6da2b6b2c,run,3,0,2024-11-11 00:00:00
1a905cd87547fa010839752934d82fef,run,1,0,2024-11-11 00:00:00
c5f12523deb87ffcf93f05f4e0da966a,submit,149,14,2024-11-11 00:00:00
702f864e74822c865274d90dcc26ad62,submit,10,5,2024-11-11 00:00:00
f937067b760b029c1603dbae265f4883,submit,1,1,2024-11-11 00:00:00
47f064605a69cf3c930fd7ab8b255f40,run,3,0,2024-11-11 00:00:00
1f4d1c07b1109a14c19ab790eadfd4c3,submit,13,8,2024-11-11 00:00:00
767e352454d94016d079f1059ae99801,run,4,0,2024-11-11 00:00:00
038f5c3f55ac230b2233b9bceee7a875,submit,18,10,2024-11-11 00:00:00
dad3a7a643357bc28cad66f87083d41d,submit,54,5,2024-11-11 00:00:00
927c844047fe3fe6663a59a336692c8c,submit,10,6,2024-11-11 00:00:00
a8c04906cb1c3af8533bab51ce4528cb,submit,8,2,2024-11-11 00:00:00
e72da6298e1e15198440a260c10d942c,run,3,0,2024-11-11 00:00:00
5ee47f7e442046dfd3b3c62c54ab03c9,submit,78,7,2024-11-11 00:00:00
e514bd9081d39210c955c92b736fa346,submit,73,39,2024-11-11 00:00:00
dd7434fb785b4f6de8d603f6af09f9f9,submit,3,2,2024-11-11 00:00:00
a7f6a158a282f94bc3853f7b71334101,run,96,0,2024-11-11 00:00:00
190ce8a904618df5e52ba7a830509fc5,run,1,0,2024-11-11 00:00:00
d4343da7ba91771972c43f5442f5d734,run,7,0,2024-11-11 00:00:00
6ffa1965ae0517a601a932fd5565052b,submit,145,30,2024-11-11 00:00:00
5f70c532ea72c4e9eef492aa38fd425f,submit,9,6,2024-11-11 00:00:00
b7ef4bc8e36af89aacc0f73f0b6897b8,submit,44,4,2024-11-11 00:00:00
65c0e02497f68a67a8b0fd058347913f,run,85,0,2024-11-11 00:00:00
9d0690f446f52caa5fcaaeb1e0f7a9bb,submit,1,1,2024-11-11 00:00:00
1e035129c518c936487c9b61479557b2,submit,76,42,2024-11-11 00:00:00
e5d6ed43bf26de4e38ba1e9385536fec,submit,5,4,2024-11-11 00:00:00
0f136bbd095800056a615536c071e2d5,run,47,0,2024-11-11 00:00:00
60e406bc774ac72d17a29311f5130b6f,run,8,0,2024-11-11 00:00:00
f7fbcda9bef5c8793babbf7f27b82dc1,submit,1,0,2024-11-11 00:00:00
0559df91aa3cb6068a07b7756b6645fc,submit,243,29,2024-11-11 00:00:00
9c55f9b53bf3a18ff35500e0658886f5,run,108,0,2024-11-11 00:00:00
0df2bfbb0fee261fda6b414b0a422516,run,15,0,2024-11-11 00:00:00
e78892a59920094e01ee6fc3a6cefac4,submit,25,9,2024-11-11 00:00:00
5d9445e4f52031c7b3a359126b8c6395,submit,3,1,2024-11-11 00:00:00
d555a48c4c8cf576605a6588a0e8feba,run,8,0,2024-11-11 00:00:00
a00686bb3247ee745df4c159b85b6d0a,submit,22,2,2024-11-11 00:00:00
86c4f8361ed86218394d1a616a5e0c18,run,22,0,2024-11-11 00:00:00
1d41f959a32bde801e74e28652404699,submit,48,17,2024-11-11 00:00:00
2970ce009b4c5308b99930962aae453a,run,22,0,2024-11-11 00:00:00
3e9ad678e1f25106752380e6ca16e503,submit,9,9,2024-11-11 00:00:00
f71f2a375c6f289ff2f75f9f517be0f8,run,74,0,2024-11-11 00:00:00
ad82cdeab28cff02911bd041682a5ad9,submit,9,7,2024-11-11 00:00:00
c868d5b825b74b6e17d87082a7b69c15,submit,4,3,2024-11-11 00:00:00
8da71699284fa12aa27221f676e22905,submit,1,1,2024-11-11 00:00:00
4561c6f16b9a442d48dc4242f9121785,submit,146,32,2024-11-11 00:00:00
768eab2f6699791cb939e9c0ec7707dd,submit,21,15,2024-11-11 00:00:00
ed64fab573a7e6801bd9d49e16030a5c,run,361,0,2024-11-11 00:00:00
45c605a38190b7a5fccb09dc40ef4a89,run,3,0,2024-11-11 00:00:00
21bac3c460ea9c517f841328027cd6fa,run,9,0,2024-11-11 00:00:00
704d9906247b643a3ea18d56442a6ca3,submit,14,2,2024-11-11 00:00:00
8a983c95f1e297f2d9283892d4ee798a,submit,63,6,2024-11-11 00:00:00
87d89650a7e2251ba85e84a5740302d0,run,1,0,2024-11-11 00:00:00
c88185d4b9c46a5af383c1256ac0042a,run,10,0,2024-11-11 00:00:00
1b0f054b68d5b6642bb3c1fd25121666,run,22,0,2024-11-11 00:00:00
f07a3a29dfde72ee636837c4cd6d557e,submit,121,11,2024-11-11 00:00:00
d88d41c47e1bed22b664eae9ce9d9bd2,run,125,0,2024-11-11 00:00:00
7cbbf1138984179a9df53fec319978c1,submit,38,24,2024-11-11 00:00:00
93f23fff3e4c31460c1a377aeb566c4d,submit,38,11,2024-11-11 00:00:00
feefbd624791691a40cc006eb73fc2d8,run,25,0,2024-11-11 00:00:00
fd369fb8f6cb08511116aa67d26f59ce,submit,139,22,2024-11-11 00:00:00
7fd2f25df8baf9ad4c1596ae54c39e95,run,1,0,2024-11-11 00:00:00
0db4cd5f19b9c4a042411cbb549a4274,run,70,0,2024-11-11 00:00:00
388efc3944852931f35f28039f6c46e6,submit,11,2,2024-11-11 00:00:00
2b4b3e88d3dbd8fe8606af445ea70bf4,submit,3,2,2024-11-11 00:00:00
87d43e5cf9feb01a653a1507433766e6,run,185,0,2024-11-11 00:00:00
bc212c8cc090b1ea9dd14c331429f031,submit,6,4,2024-11-11 00:00:00
4799c05face85a09a3c1ab95be407cd3,submit,2,2,2024-11-11 00:00:00
8a55233dd67d50644a0fd1c7fc23c19b,submit,5,0,2024-11-11 00:00:00
269bfb6c02404085aeb1e4cab701a020,submit,1,1,2024-11-11 00:00:00
57947dd4a5f6d15cb9d44d8fdbb5a6b8,submit,11,1,2024-11-11 00:00:00
6d6ea55144c4e3613c2bf5977ada4e1a,submit,11,8,2024-11-11 00:00:00
dff9fd7cd1755ab2b3f1f11f4dbfb1cb,run,4,0,2024-11-11 00:00:00
ac61b06693457bf065cd7086ede77f08,submit,18,10,2024-11-11 00:00:00
f62ac1e7cb51d70c08d9349b1ca601f4,run,1,0,2024-11-11 00:00:00
3382fa88a41aed365c18aa0ff354df52,submit,2,2,2024-11-11 00:00:00
4e3e893c5893b70b1596f7d477d67809,run,3,0,2024-11-11 00:00:00
89d3a62eff2c727a2a354a242b6d2dd7,submit,7,2,2024-11-11 00:00:00
505d2735f1904209b7a0b15cba9e2b1d,submit,2,1,2024-11-11 00:00:00
57177c477d5e1839d77f4668176b1052,submit,204,18,2024-11-11 00:00:00
04f5c5f1ddc064b7dc8147bb9e811e2e,submit,1,1,2024-11-11 00:00:00
49108281e7921b8a853f0c2a8ea80729,run,42,0,2024-11-11 00:00:00
6155ff2de84432adf218d2dd90bee673,submit,13,9,2024-11-11 00:00:00
9f47e510f7f5cf47fc64ab8a01de4147,submit,39,11,2024-11-11 00:00:00
e3b273d570b8ec8d5c9e7ae90cbb965a,submit,2,0,2024-11-11 00:00:00
b10dcf78afa8542fc4ff2efb3eb3219a,submit,3,0,2024-11-11 00:00:00
bcd14c4fb405701479df28c21a7b989d,submit,6,4,2024-11-11 00:00:00
d6155da7d081c73acf536981f68b92f1,run,1,0,2024-11-11 00:00:00
562c6a5b4b54c47a25e65ea26eb7c326,run,49,0,2024-11-11 00:00:00
33582778701af7be0cada2e184ed0090,submit,12,0,2024-11-11 00:00:00
2a1d0b7ecc955447effb1ed0854b575b,run,19,0,2024-11-11 00:00:00
3e4ae41ad4a1a0ceb28c2ed13ecf8a89,run,10,0,2024-11-11 00:00:00
74d248f060e8bcce2d0cd49c52c00784,run,2,0,2024-11-11 00:00:00
529b1f8efa081cbd3256ad9bee923e0b,run,17,0,2024-11-11 00:00:00
a877f59d3cfd9a74d7ae27b70861173c,run,39,0,2024-11-11 00:00:00
ac0c5597c4873c56f08f8ea1db63fa9b,submit,74,7,2024-11-11 00:00:00
8e0dc56eca79fe7abe02d9ccb8142359,submit,140,72,2024-11-11 00:00:00
9c55f9b53bf3a18ff35500e0658886f5,submit,53,26,2024-11-11 00:00:00
9c9d175941a98f2a82d23d4b97b48e13,submit,5,4,2024-11-11 00:00:00
be8351e6ec070d83796a33739b511489,run,6,0,2024-11-11 00:00:00
506757ab51e40d3987f07a91b527cee8,submit,3,1,2024-11-11 00:00:00
d862a2a1b6aff8839becf3906a05380e,run,1,0,2024-11-11 00:00:00
0505edf22894e71e43ee3b4dd13349d9,submit,120,71,2024-11-11 00:00:00
3c2d06d0a18c85027167d04b587f66cf,run,48,0,2024-11-11 00:00:00
9a8c8c7bece894780c89555aa8fdd5d4,submit,62,24,2024-11-11 00:00:00
541404aaa6a8e15e22d21deebca90db2,submit,12,2,2024-11-11 00:00:00
0229a8bf30d6c5c98a9ab5183558348d,run,136,0,2024-11-11 00:00:00
43fdac03fc861620bc197a99e960d192,run,111,0,2024-11-11 00:00:00
e63c1591f266efa23107a8aaeebd4ed4,submit,55,1,2024-11-11 00:00:00
6138d97de22daa5c9bcbf5560b6e3649,submit,1,0,2024-11-11 00:00:00
40c849462512bd05e748318d397c368e,run,47,0,2024-11-11 00:00:00
4d0cd224997cf4fc662133b2518c7161,submit,2,2,2024-11-11 00:00:00
cce500af3da876f730621044f270ce27,run,11,0,2024-11-11 00:00:00
79e16d108a9a8cf0355ece93b859c4e7,submit,1,0,2024-11-11 00:00:00
b21d82cbc92c8f37205af4b03c4a192f,submit,6,6,2024-11-11 00:00:00
03733ad83d113b39b60c0205a73b507a,submit,4,2,2024-11-11 00:00:00
152b2ad2afa909b58a702c54e2021222,submit,22,1,2024-11-11 00:00:00
a799ea4bef9a94d867ec0cca241661d7,run,138,0,2024-11-11 00:00:00
a3fff252a68d4ba8fff46922bdb5987b,submit,3,3,2024-11-11 00:00:00
3547f6eb25f08e5f5c3aa224aaf449f0,submit,10,0,2024-11-11 00:00:00
55b2c63ec64735f943c89fb2fa751203,run,3,0,2024-11-11 00:00:00
4754064b0ed09137182e6f9cad221a8c,submit,125,78,2024-11-11 00:00:00
97c9697543f2eba9f0d61ff68b49d83d,submit,12,2,2024-11-11 00:00:00
ddfe1dd820244b6d6dabc075fb70d5db,run,3,0,2024-11-11 00:00:00
4e87e3589b9cb4f55113e82ba8f27267,submit,16,11,2024-11-11 00:00:00
e40e10e35f4376c0feed0333aabfdc1f,run,3,0,2024-11-11 00:00:00
55250bf8cdab257126f453196d9d63e1,submit,15,11,2024-11-11 00:00:00
75c96b8a4ade01a55f28a17ba4d2fe8a,run,8,0,2024-11-11 00:00:00
e78892a59920094e01ee6fc3a6cefac4,run,91,0,2024-11-11 00:00:00
310c6bae1af33b7b6bb83a40f6184f11,submit,10,3,2024-11-11 00:00:00
8827eacedc8320c20ebb537123e01941,run,355,0,2024-11-11 00:00:00
7557d445d938481aba79fb92ca8f3206,run,139,0,2024-11-11 00:00:00
1d2549f62b4a93ff848ce0effa648e9e,run,233,0,2024-11-11 00:00:00
0337b128dedb2ac689da936bdbfbf36e,run,2,0,2024-11-11 00:00:00
cdd8d5fe14cdbcf1f942ba017f2e1641,run,13,0,2024-11-11 00:00:00
6cd22dadd05d1121c0b00f3f98b4f444,submit,48,10,2024-11-11 00:00:00
90a3deaf06968cbbe048e9a31d45188f,submit,12,6,2024-11-11 00:00:00
00434b8102d49b494c35a644d0821700,submit,12,5,2024-11-11 00:00:00
d862a2a1b6aff8839becf3906a05380e,submit,1,1,2024-11-11 00:00:00
6e5b73c8dd9a915fbd9d6ff3cc1f217b,submit,41,12,2024-11-11 00:00:00
00b851d60b478b06e325de25ca8ed492,run,6,0,2024-11-11 00:00:00
50f0f9d97007e3401d39a1c1e6552e9c,submit,1,1,2024-11-11 00:00:00
80739dc0afcaf5987d4131b2e993d83f,run,18,0,2024-11-11 00:00:00
c463da6e172436d3132a302b0c15be61,submit,2,0,2024-11-11 00:00:00
0a9643bd80de911e2a51e63013a93a8a,submit,33,3,2024-11-11 00:00:00
09614cd17274c02186d1a73fce08f84c,submit,11,1,2024-11-11 00:00:00
597e4ed0f11e7acb0ed113f28684e5b5,run,2,0,2024-11-11 00:00:00
9fafc2aa048b3fa412e46bb92404154a,run,274,0,2024-11-11 00:00:00
c3c663c46295362409b6749101c1cfc6,run,13,0,2024-11-11 00:00:00
296e310c98cb0558cd5d7653c4317997,run,58,0,2024-11-11 00:00:00
2b4b3e88d3dbd8fe8606af445ea70bf4,run,5,0,2024-11-11 00:00:00
c6ee04b7cc9c17b7d40bc148f7344433,run,1,0,2024-11-11 00:00:00
617fc31716b02bb03fce95c94e6a4f32,run,26,0,2024-11-11 00:00:00
4e6593a8c80a0b2f1e6aa5149969154e,run,2,0,2024-11-11 00:00:00
894914b8e7d7de87f381f52770b30204,submit,3,1,2024-11-11 00:00:00
54e8b484504dcdaf1e148844f9032b18,submit,29,24,2024-11-11 00:00:00
bc212c8cc090b1ea9dd14c331429f031,run,3,0,2024-11-11 00:00:00
57de2686837747f01b777222b59b47af,submit,2,0,2024-11-11 00:00:00
0bae44b1175e0b3f7048375d330364c4,submit,12,1,2024-11-11 00:00:00
74d248f060e8bcce2d0cd49c52c00784,submit,4,1,2024-11-11 00:00:00
ff433cdb180f257c1d24dc95d9d75609,submit,10,6,2024-11-11 00:00:00
98c59221d39ebe4283139c4210ce0be0,run,14,0,2024-11-11 00:00:00
f35164b3d7f7afb7a90ea5293e58a8ec,run,10,0,2024-11-11 00:00:00
f2fd3d107da64ac1bd2184370506f46b,submit,4,1,2024-11-11 00:00:00
259a0eaace5ffeeba57797744fc3aa5b,run,48,0,2024-11-11 00:00:00
181e8f97ebcc7fe48b3b0dd638996ad9,submit,1,0,2024-11-11 00:00:00
56d5556704135e57d3c0d7f9b97038ef,submit,41,12,2024-11-11 00:00:00
c25ef7a64eb32c70caf4f3df39316f9e,run,2,0,2024-11-11 00:00:00
c6f53f61ee974e5fa6bdde8be25ade87,submit,21,3,2024-11-11 00:00:00
bf17a509039e762c0393fcdf00b0373f,submit,12,11,2024-11-11 00:00:00
709b0c834d3f2eb7ccd0f61cf51ac359,run,6,0,2024-11-11 00:00:00
0b82fc5f326ae0a128d3542b3f52de6c,submit,2,2,2024-11-11 00:00:00
1deda376c84da7cfc292c6a60d1f0c13,run,2,0,2024-11-11 00:00:00
600b75e9fbd3f9bd5003e5a4a839a41f,run,12,0,2024-11-11 00:00:00
c8567169045a0d3d7d9c88bfc9d8f8c2,submit,3,3,2024-11-11 00:00:00
f4f0d5280da7bb99ea14adf5035fb87d,submit,28,5,2024-11-11 00:00:00
fc8e2e488efa3b76fe9b48f6f38a8b9d,submit,11,0,2024-11-11 00:00:00
98c59221d39ebe4283139c4210ce0be0,submit,19,1,2024-11-11 00:00:00
9533e0d97a2995e8fd002df2b87e9b7e,run,1,0,2024-11-11 00:00:00
030e33058124ea4605c023577f5f0d27,run,407,0,2024-11-11 00:00:00
47f064605a69cf3c930fd7ab8b255f40,submit,36,12,2024-11-11 00:00:00
9b1e189beeb04017544152733ca4a85d,submit,16,11,2024-11-11 00:00:00
ac61b06693457bf065cd7086ede77f08,run,2,0,2024-11-11 00:00:00
3eaa528d0ba01a8e2e4edfda5d78dcdd,submit,45,5,2024-11-11 00:00:00
b420e0f69057b4486ef03b167ad5d6eb,submit,3,3,2024-11-11 00:00:00
ef9d6ba4f33ef7adffc4a7f5c216eccb,submit,18,18,2024-11-11 00:00:00
b8513641faa245484a48f6bbff098f6a,submit,28,3,2024-11-11 00:00:00
1b92ba92a826e7a5c2a569423b7d2f43,run,3,0,2024-11-11 00:00:00
3887995b4de2a6a6607fd4e89fe3fb09,run,4,0,2024-11-11 00:00:00
7a4167386e186c0d62a6e9861b49ff67,submit,18,6,2024-11-11 00:00:00
771832cc0c9015ca08263816ffafbf45,submit,1,0,2024-11-11 00:00:00
b9d0c3e1e35b770e263c7075df82794e,submit,485,52,2024-11-11 00:00:00
c70bd85bd7d7dcf68b9ff170dd58f25d,run,2,0,2024-11-11 00:00:00
5a1f6cdf43b1de9d5abaea2422ac385f,run,186,0,2024-11-11 00:00:00
f0ae9d1c89f8bf921460ef8fe1dae815,run,3,0,2024-11-11 00:00:00
48c9db9c2c5b2a45e7b626f52e33e481,submit,17,9,2024-11-11 00:00:00
d4c5ce7bc6bf67e698aaede63cfcf6bb,submit,35,6,2024-11-11 00:00:00
0d4e747acde89c2a0bbac71cdfd54f02,submit,21,7,2024-11-11 00:00:00
b6520a984ca53bf79d2289d6d5fc113f,run,6,0,2024-11-11 00:00:00
6c16117d9b7649dcd804177eb1508d04,submit,4,1,2024-11-11 00:00:00
f0ae9d1c89f8bf921460ef8fe1dae815,submit,35,15,2024-11-11 00:00:00
bcd14c4fb405701479df28c21a7b989d,run,77,0,2024-11-11 00:00:00
3b9505fb81ad5d8504147db181688090,submit,74,19,2024-11-11 00:00:00
eeb6686b7272219df7676d37fbcb26a3,submit,3,0,2024-11-11 00:00:00
a1ef3a7f31f8737c7e7a85e845edec0a,run,174,0,2024-11-11 00:00:00
6040abca5c9d5be574251bf6abadc7fc,run,6,0,2024-11-11 00:00:00
5138d236116df823355d21a70752361a,run,4,0,2024-11-11 00:00:00
0a7e834b0df25e6f41e387d32f735782,submit,36,18,2024-11-11 00:00:00
34cc7b3ddd7938c75045103b1dab68d0,submit,43,9,2024-11-11 00:00:00
f52f49e8063deb842b295d054d0b7d9c,submit,69,7,2024-11-11 00:00:00
9fb953e1e2e7059ec1dc0d3adb96579c,submit,38,16,2024-11-11 00:00:00
5a65ae37c27deb03f15e1c3c4ced84c6,submit,60,12,2024-11-11 00:00:00
06e5e35a789833375fc0c831d255284a,submit,106,59,2024-11-11 00:00:00
60298e3c91154d985ec39034e6df4999,submit,17,3,2024-11-11 00:00:00
ab8070775bf600ac2daa8ded5c206ddc,run,138,0,2024-11-11 00:00:00
69f5468589028bb0336d973518e12666,run,2,0,2024-11-11 00:00:00
87d89650a7e2251ba85e84a5740302d0,submit,10,3,2024-11-11 00:00:00
cf1ed20edf598c11deb9b600eafa8660,run,4,0,2024-11-11 00:00:00
8e0dc56eca79fe7abe02d9ccb8142359,run,10,0,2024-11-11 00:00:00
4aff6ec3c74eb35c6926cebb5a0ec625,run,25,0,2024-11-11 00:00:00
ebf9a8ad037a2634ce58d6dd5f0c3f6f,run,12,0,2024-11-11 00:00:00
87d43e5cf9feb01a653a1507433766e6,submit,25,12,2024-11-11 00:00:00
b8e71fe992a8256535f93368a8499842,run,50,0,2024-11-11 00:00:00
347710a700296ff58dd4ec58b59ecc16,submit,33,10,2024-11-11 00:00:00
ff1a9111eb99386ec2802b1ea96628ee,submit,36,30,2024-11-11 00:00:00
96617eab56ca784b37f697882bd90efc,submit,67,45,2024-11-11 00:00:00
afc3e7db39d0c6879d4c40dee66daf1d,submit,23,9,2024-11-11 00:00:00
1c5b5958002a8dfe47290ab3ef7f0926,run,391,0,2024-11-11 00:00:00
034369b439b8e10f27a1835b0a3762f9,run,18,0,2024-11-11 00:00:00
1833da65b18e1915ef8945ac51de9723,submit,1,0,2024-11-11 00:00:00
2b89ae144518523d0da3cb976987fee6,submit,1,1,2024-11-11 00:00:00
ca074bf5fa8cbd53445bb82345bd3442,run,69,0,2024-11-11 00:00:00
d93e4f719a37f4c532e16fd2c83c6639,submit,30,18,2024-11-11 00:00:00
17dae2b34d56d076620c65af97dfdce6,run,1,0,2024-11-11 00:00:00
6040abca5c9d5be574251bf6abadc7fc,submit,19,10,2024-11-11 00:00:00
6cf280b9d814dc5322757a3ad97d7073,run,1,0,2024-11-11 00:00:00
d0316dc3c444f4193cdd695e470a8cb3,submit,94,54,2024-11-11 00:00:00
076a48603fd0a252cf5b1eecc242bd30,submit,17,3,2024-11-11 00:00:00
c5bf3889d126d629ca0c3285a64078d3,submit,11,5,2024-11-11 00:00:00
176d191f97c53bcfbb46b7846e5e8f50,submit,26,7,2024-11-11 00:00:00
242cbddb0d9670fa6f60f89764f8fa99,submit,65,19,2024-11-11 00:00:00
aa2b3b8cbf87ef3a5c26265b9c436b7b,run,10,0,2024-11-11 00:00:00
1187bd8bdc120a53a7e753e1a84a4e0e,run,80,0,2024-11-11 00:00:00
6eb3b3290cd2312262439846eda2a185,submit,10,2,2024-11-11 00:00:00
7585eed12f60ba83a092dbd3f5115390,run,3,0,2024-11-11 00:00:00
ddfe1dd820244b6d6dabc075fb70d5db,submit,34,4,2024-11-11 00:00:00
2d00cb7fe8022561b5009ae6f2378365,run,9,0,2024-11-11 00:00:00
4c92e7beec0fc8bac9a19113d0094abb,run,18,0,2024-11-11 00:00:00
74c47e4a8bc1da4f029be60cc9fd818a,run,50,0,2024-11-11 00:00:00
7f4fb8bac3b27daeb619b699eb06735f,run,1,0,2024-11-11 00:00:00
7bdd8b8165f457802b25df45600c7f70,run,7,0,2024-11-11 00:00:00
d209dc4611eb57ac09553ce4190ad24b,submit,2,2,2024-11-11 00:00:00
8902043fd5b810276ab0adf0e0c74e24,run,8,0,2024-11-11 00:00:00
5b59f5a56e51e776263e2112e38dddee,run,31,0,2024-11-11 00:00:00
2eb0ed9717966fcaeea54ffb9df35370,submit,2,2,2024-11-11 00:00:00
f4338c559907aaf5762f263ab331ff01,submit,93,44,2024-11-11 00:00:00
9f853f5343c3cd8cdae948768124203a,run,3,0,2024-11-11 00:00:00
d631698d6239cf4051f1784c67b54f08,submit,3,2,2024-11-11 00:00:00
3978919e68e5f66645c69549bbf1188c,submit,22,18,2024-11-11 00:00:00
571536adf4ba23d220eb623775398556,run,1,0,2024-11-11 00:00:00
a014aa5353f07deac14720ba85411cab,run,13,0,2024-11-11 00:00:00
e09420de914399f4164c5c9af47e4154,submit,154,35,2024-11-11 00:00:00
e97911a42937b2300a06700ebdd7b9a3,submit,42,0,2024-11-11 00:00:00
3887995b4de2a6a6607fd4e89fe3fb09,submit,10,5,2024-11-11 00:00:00
9badb349a37a686c3c2c7ff248a5dfab,run,9,0,2024-11-11 00:00:00
a673a6c82157f8cf8914b9e8b91a4daf,run,2,0,2024-11-11 00:00:00
4c92e7beec0fc8bac9a19113d0094abb,submit,5,1,2024-11-11 00:00:00
20fa4a3963880046c823f234d399787c,run,120,0,2024-11-11 00:00:00
32276845f0d30da8b2ed00d0eeb3efd4,run,101,0,2024-11-11 00:00:00
a1ef3a7f31f8737c7e7a85e845edec0a,submit,28,20,2024-11-11 00:00:00
71904026826cb2fd4747b67b0a5f8afd,run,1,0,2024-11-11 00:00:00
5a65ae37c27deb03f15e1c3c4ced84c6,run,10,0,2024-11-11 00:00:00
0d8fb9b568e2df8a46628d9ce5ce8966,run,259,0,2024-11-11 00:00:00
b1ab4a8f6d830556565a25ff19374a7a,run,606,0,2024-11-11 00:00:00
26b96250455d5a410758414ccd23ba80,run,9,0,2024-11-11 00:00:00
f5e3eb9341176cdc324e85edafa9f72b,submit,47,19,2024-11-11 00:00:00
b1f583a04029a044b322171f08aa4780,submit,18,12,2024-11-11 00:00:00
747c819ac0cf47f028e01e42fc96d860,submit,6,6,2024-11-11 00:00:00
169bbc6111c2dd6719841e94e6f23a9c,run,6,0,2024-11-11 00:00:00
a0eb1835e9f5f21ccc5dc648bfe9b45a,submit,309,51,2024-11-11 00:00:00
9d7aa6cdddcdf0727004bb6fd533f9bf,run,93,0,2024-11-11 00:00:00
3e166b0596552ee85aeaa445d665068f,submit,117,28,2024-11-11 00:00:00
b2e7cffa49a836a6a346cd8234743b16,submit,2,0,2024-11-11 00:00:00
765d3f442c48c6c5d2524598d94d105f,submit,9,6,2024-11-11 00:00:00
3864da54606aa82ffac61a18b3bb14fd,submit,71,52,2024-11-11 00:00:00
6cf280b9d814dc5322757a3ad97d7073,submit,62,6,2024-11-11 00:00:00
503e0746b05e4549088fb81df9b23288,run,55,0,2024-11-11 00:00:00
c65ff8d0b275d1e5e02a957c2e38adb2,run,18,0,2024-11-11 00:00:00
6138d97de22daa5c9bcbf5560b6e3649,run,6,0,2024-11-11 00:00:00
f926d3f3e64dc823d0dda50f28c777c1,run,34,0,2024-11-11 00:00:00
2e954c24aa787eb2e6af7575f8841faa,submit,118,31,2024-11-11 00:00:00
fb1ea5a18b327a592aab5a4aac53cd44,run,59,0,2024-11-11 00:00:00
4499387ab925015fa495d573ead4ba85,run,77,0,2024-11-11 00:00:00
73a8dcc0cb1982752eff14b90d0feb6d,submit,24,12,2024-11-11 00:00:00
876cd52efc7ac88c318b6539c6eaf931,run,108,0,2024-11-11 00:00:00
2ee7ede56561184ecba43f708800650a,submit,14,9,2024-11-11 00:00:00
ce8c69a82400aa9de6c9ef0056c4f868,submit,14,3,2024-11-11 00:00:00
e1c0063a9b0eef57a8b7df424ca8b892,submit,21,3,2024-11-11 00:00:00
a6ad5978528fbcb186e4050cb290d904,submit,4,0,2024-11-11 00:00:00
d9d45e09e64340d8974c8d5f821eba3c,submit,31,11,2024-11-11 00:00:00
e4716ce6b1d019706731598fbcccd3dc,submit,18,6,2024-11-11 00:00:00
ca0543561a9de4465e00ab52736c48f2,submit,2,1,2024-11-11 00:00:00
5a1f6cdf43b1de9d5abaea2422ac385f,submit,51,35,2024-11-11 00:00:00
0d4e747acde89c2a0bbac71cdfd54f02,run,83,0,2024-11-11 00:00:00
4306cfa7aa3b62b458aa6623c76d62ef,run,68,0,2024-11-11 00:00:00
d0316dc3c444f4193cdd695e470a8cb3,run,16,0,2024-11-11 00:00:00
8bf13b908c763da20ad2c0aaac1f06e1,run,15,0,2024-11-11 00:00:00
fd52b1d70fc84a15064862cee929ee7b,submit,30,4,2024-11-11 00:00:00
2581b30e900d4aa667cc905a136b0e56,run,1,0,2024-11-11 00:00:00
77ef8debb59455e4895a72c07f0abe91,submit,20,6,2024-11-11 00:00:00
57de2686837747f01b777222b59b47af,run,3,0,2024-11-11 00:00:00
3fa59a9f97f19cdf8cd13430f19ff5ed,submit,36,3,2024-11-11 00:00:00
4c6cda71b2595d1ad869dac13bac574f,run,3,0,2024-11-11 00:00:00
5c44f979d6c59a072f6592609f4a3a87,run,102,0,2024-11-11 00:00:00
9f47e510f7f5cf47fc64ab8a01de4147,run,19,0,2024-11-11 00:00:00
6630207c4896aba5f28557d38cfb2dd8,submit,2,2,2024-11-11 00:00:00
ac759f82483e1659a553df7814cab4a6,run,36,0,2024-11-11 00:00:00
2a1d0b7ecc955447effb1ed0854b575b,submit,29,4,2024-11-11 00:00:00
8a9e0d1fb3e5a9e63387e1fc53de8983,run,129,0,2024-11-11 00:00:00
fd369fb8f6cb08511116aa67d26f59ce,run,5,0,2024-11-11 00:00:00
51e1fc91a0b441d164983c4118d9ef90,submit,99,19,2024-11-11 00:00:00
0a7e834b0df25e6f41e387d32f735782,run,172,0,2024-11-11 00:00:00
5703528bbd65129bb88db45d68f8cd82,submit,12,0,2024-11-11 00:00:00
56d5556704135e57d3c0d7f9b97038ef,run,35,0,2024-11-11 00:00:00
b46f58e1be1ad6a4800eda2be2b32547,run,6,0,2024-11-11 00:00:00
34cc7b3ddd7938c75045103b1dab68d0,run,2,0,2024-11-11 00:00:00
4e2da8ab3672bb539f61c7834a0e10ec,run,140,0,2024-11-11 00:00:00
9fb953e1e2e7059ec1dc0d3adb96579c,run,103,0,2024-11-11 00:00:00
b6520a984ca53bf79d2289d6d5fc113f,submit,7,7,2024-11-11 00:00:00
01f34a6003da268748972eae1ac1a06e,submit,44,21,2024-11-11 00:00:00
6d7b26d5a367dee13186c7e442dda791,run,2,0,2024-11-11 00:00:00
a45e031f3705ffb9963112eeb9525c47,submit,39,8,2024-11-11 00:00:00
01ecd22bd0d1683e924e74545c97d228,run,45,0,2024-11-11 00:00:00
aac254f35fe05e52a45e6f5d5ca79b41,submit,57,28,2024-11-11 00:00:00
2e3af6209e96f62463cc9f68582f6ef4,run,7,0,2024-11-11 00:00:00
c08be0fbe52acdac6ff85bd09b774eb2,submit,79,55,2024-11-11 00:00:00
751497f46fb25879bdb67317fd9461a2,submit,176,15,2024-11-11 00:00:00
d9d45e09e64340d8974c8d5f821eba3c,run,98,0,2024-11-11 00:00:00
a54e8fe26f7e64d1f878700ee0cd5f94,run,1,0,2024-11-11 00:00:00
d2628c9e53615fd7c2f47f5107f331d5,run,48,0,2024-11-11 00:00:00
ab6392a42fe04c02f9d5575ffea7ada8,submit,64,28,2024-11-11 00:00:00
61c932f61ef8406b943e33f3a0b88053,run,45,0,2024-11-11 00:00:00
db135aae78391236cabd1acb6b76ae6a,run,2,0,2024-11-11 00:00:00
296e310c98cb0558cd5d7653c4317997,submit,457,197,2024-11-11 00:00:00
c4762f8e87daa42deef30e4496976c96,run,39,0,2024-11-11 00:00:00
fd986cb795b278227d8a49cd1bfaea8c,run,24,0,2024-11-11 00:00:00
a347d04043ffcc6e794856c78e70c2df,submit,71,17,2024-11-11 00:00:00
529b1f8efa081cbd3256ad9bee923e0b,submit,34,21,2024-11-11 00:00:00
b7ea1a1a541d6d229e634db09e6513f9,submit,2,2,2024-11-11 00:00:00
3978919e68e5f66645c69549bbf1188c,run,161,0,2024-11-11 00:00:00
a3fff252a68d4ba8fff46922bdb5987b,run,78,0,2024-11-11 00:00:00
789fa6c02114e6bfe77a71781225d36c,run,6,0,2024-11-11 00:00:00
dd60321658e7214d4843087b6850ae35,run,92,0,2024-11-11 00:00:00
a673a6c82157f8cf8914b9e8b91a4daf,submit,2,1,2024-11-11 00:00:00
5ac06aae25bebf480725aa2dbafcac2d,submit,8,5,2024-11-11 00:00:00
ee2d6b167cd26ff659aa21663f8c6fdb,submit,21,8,2024-11-11 00:00:00
f2b4aa999392dfb8550b5c562a01838b,run,3,0,2024-11-11 00:00:00
6b21528dd061c8b9ea3b13bfbaa1f260,submit,9,3,2024-11-11 00:00:00
bce4058876845ab947b4b38e48735716,run,92,0,2024-11-11 00:00:00
1b41a7f6ffa9379455aa04809781096a,run,8,0,2024-11-11 00:00:00
4561c6f16b9a442d48dc4242f9121785,run,331,0,2024-11-11 00:00:00
ff626149377c2ba37bc2388e0432b53b,run,41,0,2024-11-11 00:00:00
466f5008402d0ddb7ec6e1d227de83b2,submit,6,3,2024-11-11 00:00:00
4464672634d4db2d10f8ce9ae1ec5090,run,9,0,2024-11-11 00:00:00
47e86168706a0938ad19d77c6d88d8a8,run,7,0,2024-11-11 00:00:00
95d9f35ddc8da605582708f28bbc1f37,submit,32,4,2024-11-11 00:00:00
3cca0e63439184d19e3a1e711c559918,run,31,0,2024-11-11 00:00:00
c7f965aff8f6a30e87279841f337f5c7,submit,2,2,2024-11-11 00:00:00
29cce776f6d73a783a5c8ea31ac10cd2,run,1,0,2024-11-11 00:00:00
63e5a67353326953e9ee309276ed5868,run,97,0,2024-11-11 00:00:00
ddaa6d4f7a88e8a1c23ecab04fe5eb43,submit,46,28,2024-11-11 00:00:00
c2b37f5dcb7748dbf8188d7012b69c37,submit,39,7,2024-11-11 00:00:00
6de158185e85eae65c8583b6da2b6b2c,submit,182,15,2024-11-11 00:00:00
505d2735f1904209b7a0b15cba9e2b1d,run,11,0,2024-11-11 00:00:00
c0b89d94359a7cd025c944f80f440cb2,submit,1,1,2024-11-11 00:00:00
86b4b62b421efaade0e76dc01c49476f,run,12,0,2024-11-11 00:00:00
f9fde7bd5959504bf50fc3717dab8929,run,72,0,2024-11-11 00:00:00
c54b122ce4ff12674b08bd4493a943f7,submit,8,5,2024-11-11 00:00:00
fab7047f2d4a13620a17de6074441e35,submit,13,13,2024-11-11 00:00:00
8bf13b908c763da20ad2c0aaac1f06e1,submit,10,9,2024-11-11 00:00:00
562c6a5b4b54c47a25e65ea26eb7c326,submit,20,16,2024-11-11 00:00:00
c4b239ec4e8a38c62dfd336969ce5249,submit,48,17,2024-11-11 00:00:00
ffe2705a85ccf716f39481edf609d962,run,2,0,2024-11-11 00:00:00
4121cc2cf7c29ab24e680d05bf343b59,run,24,0,2024-11-11 00:00:00
3547f6eb25f08e5f5c3aa224aaf449f0,run,68,0,2024-11-11 00:00:00
500928854c403b82c0e4f5bd5262aa76,submit,4,0,2024-11-11 00:00:00
47e86168706a0938ad19d77c6d88d8a8,submit,197,107,2024-11-11 00:00:00
b6666ec4f6878868965b2d606b508f78,run,45,0,2024-11-11 00:00:00
0be1b1008424ccdf3a233766c8c9ce99,submit,1,1,2024-11-11 00:00:00
581591d5f95f09963295297672e4a0f5,run,90,0,2024-11-11 00:00:00
df3557b6288b6711d421070f3c771086,submit,5,1,2024-11-11 00:00:00
524c37a023631d114666eafdbaeb3552,submit,3,3,2024-11-11 00:00:00
4306cfa7aa3b62b458aa6623c76d62ef,submit,21,7,2024-11-11 00:00:00
4e3e893c5893b70b1596f7d477d67809,submit,3,3,2024-11-11 00:00:00
d0c81a11cc378d162719840945cbf3ed,submit,57,48,2024-11-11 00:00:00
4b52b2fe51f83b5a25dcffed76c99d7c,submit,19,3,2024-11-11 00:00:00
5819b55690a1404d2c2985813b0d4bfe,run,2,0,2024-11-11 00:00:00
3dd6208538227408ae87854be212fea1,submit,4,2,2024-11-11 00:00:00
0daf8340fd91bc919239a0de1fc3c93d,submit,11,1,2024-11-11 00:00:00
d5bfd794aec19a52bcccd10be57065e7,run,42,0,2024-11-11 00:00:00
df3270af9b4b646305cc5929c7a584b3,run,6,0,2024-11-11 00:00:00
99384b624c4bba33228d8cf7ea46cd49,submit,13,1,2024-11-11 00:00:00
2aff5539a54aafa6dd23bc649c82ad29,run,2,0,2024-11-11 00:00:00
79970a7ab406e05b7308a5844b91d974,submit,70,18,2024-11-11 00:00:00
b1192cf3508cd1c08ea50db982d73a91,run,14,0,2024-11-11 00:00:00
8ec375b36dc5223a93b56f824b5029ac,submit,4,2,2024-11-11 00:00:00
7fd2f25df8baf9ad4c1596ae54c39e95,submit,3,1,2024-11-11 00:00:00
ba1d72990369242e0b0c2dab3c4a99ca,run,1,0,2024-11-11 00:00:00
d01ecd28c71c09833765fbb8d099943b,submit,101,9,2024-11-11 00:00:00
5298db8da3d2d025ef4f28de671b3b0d,submit,12,1,2024-11-11 00:00:00
38f36c18a52606d1dc47835dbec4d8e4,submit,26,22,2024-11-11 00:00:00
7fdc1fc342f44cdb067cc4430e621c2f,run,31,0,2024-11-11 00:00:00
267b5d40e0bfc9dc785fe632050800d1,run,4,0,2024-11-11 00:00:00
d7f8337b387d24ce4874c3b5c5eb54d5,run,6,0,2024-11-11 00:00:00
308bc1ca9cc422102b7bcacc71a80a67,submit,44,21,2024-11-11 00:00:00
3384ac968097a142992e21f00366fdad,submit,5,2,2024-11-11 00:00:00
c7f965aff8f6a30e87279841f337f5c7,run,3,0,2024-11-11 00:00:00
ac0c5597c4873c56f08f8ea1db63fa9b,run,1,0,2024-11-11 00:00:00
d555a48c4c8cf576605a6588a0e8feba,submit,2,1,2024-11-11 00:00:00
bb0c6fc109976571d131c6b012381f3d,run,8,0,2024-11-11 00:00:00
86b4b62b421efaade0e76dc01c49476f,submit,3,0,2024-11-11 00:00:00
b5ab6eb21511bd4b6622327f02ea1a1e,run,103,0,2024-11-11 00:00:00
7bc0cbf3be61b5e1476e7e69003fc37c,submit,8,5,2024-11-11 00:00:00
66a24400a1f37b29385db4d801900776,submit,3,3,2024-11-11 00:00:00
4e6593a8c80a0b2f1e6aa5149969154e,submit,208,48,2024-11-11 00:00:00
c9ed819551e0c43508fa5ba2860d8127,submit,17,8,2024-11-11 00:00:00
5221506bcaf928bc8f0d5d4b3c7d2ca5,run,7,0,2024-11-11 00:00:00
077f429c0ae06dd09aeedd67794bfcc8,submit,25,16,2024-11-11 00:00:00
7928f5766183a832bc5741a196988b24,submit,9,3,2024-11-11 00:00:00
bc6efe0a7bdd27ae46e9e6e452d462e3,submit,53,6,2024-11-11 00:00:00
e0d222e53e18f77fe34c373e33b037df,submit,6,0,2024-11-11 00:00:00
359ff50bb7fa8c5b4131d56418828e96,run,249,0,2024-11-11 00:00:00
d2aaa5c6aeb5181a46ef07090feb5a62,run,30,0,2024-11-11 00:00:00
3e5370cfcf42d65882888bcb04355f99,run,30,0,2024-11-11 00:00:00
eeb6686b7272219df7676d37fbcb26a3,run,2,0,2024-11-11 00:00:00
272cb44bae0db460e3c478a91c8c8fa0,submit,48,13,2024-11-11 00:00:00
98f7dd1dbae1217d025f30a4fe1299f7,run,1,0,2024-11-11 00:00:00
d9caab0b9bf94252faba33dedec1ca62,submit,2,1,2024-11-11 00:00:00
b5cdd468931363c961eab300c4a1cddd,run,25,0,2024-11-11 00:00:00
,run,31,0,2024-11-11 00:00:00
242cbddb0d9670fa6f60f89764f8fa99,run,325,0,2024-11-11 00:00:00
4583593fecf33f6970baec4874876730,submit,91,29,2024-11-11 00:00:00
9d8851462082b7a3da0ee1f5ddc2f157,submit,52,9,2024-11-11 00:00:00
cce500af3da876f730621044f270ce27,submit,12,5,2024-11-11 00:00:00
65fc954a9f2bbdff0f515804613bff44,submit,14,4,2024-11-11 00:00:00
55b2c63ec64735f943c89fb2fa751203,submit,13,3,2024-11-11 00:00:00
c25ef7a64eb32c70caf4f3df39316f9e,submit,9,5,2024-11-11 00:00:00
b5291c6139aca87d1efb5201e30732bf,run,131,0,2024-11-11 00:00:00
b64f58409e8db8b8511998bd9af66480,submit,249,106,2024-11-11 00:00:00
b7f1fd0cb659d47ad54521411dfff9fa,submit,87,30,2024-11-11 00:00:00
e71684a57b7d9de660e382e52bfeaa4b,submit,25,16,2024-11-11 00:00:00
bcda6749154ae6a83cf7520048854a02,submit,20,9,2024-11-11 00:00:00
611dbfce59a0d2fa117b90e95a8f1676,submit,99,60,2024-11-11 00:00:00
5b2e9b52046c8d161b9daa468e557682,run,1,0,2024-11-11 00:00:00
a756e740358b0a2321d1963ad5348d16,submit,621,91,2024-11-11 00:00:00
0ea3d01f8b7da743bb8864ba70a83941,submit,347,51,2024-11-11 00:00:00
d2b2047795a1873981d59be80d5c98ee,submit,27,12,2024-11-11 00:00:00
600b75e9fbd3f9bd5003e5a4a839a41f,submit,66,45,2024-11-11 00:00:00
292271e65e75d0eee3f795f7ddcd369a,submit,1,1,2024-11-11 00:00:00
29ef999c001c07c52d47e0734d56656d,submit,6,4,2024-11-11 00:00:00
bff2ac1622c305fb1dce928f3bddc714,submit,1,0,2024-11-11 00:00:00
5984285857d9250035aacac0a4fa4871,run,18,0,2024-11-11 00:00:00
b913d31103a20768b545225eb48a8911,submit,89,7,2024-11-11 00:00:00
6ae8d48be8d54f18d67eb79031d1d4ab,submit,2,1,2024-11-11 00:00:00
13d65dde8c1363c22c95935d629beb27,submit,50,20,2024-11-11 00:00:00
e0623382b408f5ed13a2d2336cba141d,submit,11,2,2024-11-11 00:00:00
b70e9cf8cb9f8487dfb7e30674117db0,submit,13,2,2024-11-11 00:00:00
e80003ea9ae4b6e00c6a6ace3891aa1e,run,6,0,2024-11-11 00:00:00
dc1721548b53253c53e7490e22905991,run,2,0,2024-11-11 00:00:00
